{"type":"FeatureCollection","features":[{"type":"Feature","properties":{"boroname":"Staten Island"},"geometry":{"type":"MultiPolygon","coordinates":[[[[-74.05050806403247,40.566422033228605],[-74.04998352562575,40.566395923996076],[-74.04931640362085,40.56588774684823],[-74.04923629842045,40.56536273543591],[-74.05002620158642,40.565318179688944],[-74.05090601705088,40.5660943411984],[-74.05067916748614,40.5663108448042],[-74.05107159803775,40.566722492465594],[-74.05053865301059,40.5664406728645],[-74.05050806403247,40.566422033228605]]],[[[-74.05314036821109,40.57770271461349],[-74.05406044939872,40.5771164443066],[-74.05489778210803,40.57778243998756],[-74.05484560052173,40.57994579049532],[-74.05368629150418,40.580548758682134],[-74.05293190639816,40.57990247373359],[-74.05314036821109,40.57770271461349]]],[[[-74.15945602438185,40.64144833239148],[-74.16111242522173,40.641835452804635],[-74.16146036005293,40.6442949688323],[-74.15798759540647,40.64386178803348],[-74.15743349200989,40.64330285684642],[-74.1585504377054,40.64249750037382],[-74.15881093745296,40.64175863380774],[-74.15931925561982,40.6415563856392],[-74.15945602438185,40.64144833239148]]],[[[-74.08221272914936,40.64828016135748],[-74.08142228203803,40.64850472501679],[-74.07899546333257,40.64814255348981],[-74.07650657152858,40.64696881725075],[-74.07445282563698,40.64506748779065],[-74.07359107919277,40.644998927110386],[-74.07385653684726,40.645424815167026],[-74.07333813856984,40.64578311522965],[-74.07369011806554,40.64530572412738],[-74.0732385381076,40.64496386297723],[-74.07302520507201,40.64513123738756],[-74.0730555988172,40.64480791690831],[-74.07342590747642,40.64500056758261],[-74.07312184183509,40.64471479853634],[-74.0725877555387,40.64479086224105],[-74.07269828799026,40.64444127253476],[-74.07165829759784,40.645033745502424],[-74.07230919046846,40.64457775312473],[-74.0720184321324,40.64441193200825],[-74.07229190281824,40.64426604688783],[-74.07186080870875,40.64420176083756],[-74.07175648087782,40.644011844565995],[-74.07205817506036,40.64390042676603],[-74.07135612176633,40.64349730362346],[-74.0714820243262,40.64329262413093],[-74.07093784471476,40.64334596290798],[-74.07144331706317,40.64327056039802],[-74.07113105720936,40.643205262745674],[-74.07150263147402,40.64312930326031],[-74.07164892198993,40.64267993074706],[-74.0721843496904,40.64271409235649],[-74.07210952444632,40.64246321586016],[-74.0703292371539,40.642526127199716],[-74.07323829183596,40.64218473514978],[-74.07314400586031,40.64185297354756],[-74.07024658698661,40.64220697336429],[-74.0701939955922,40.642007501872726],[-74.07308689819385,40.641636814037064],[-74.0728900560963,40.640922671943436],[-74.0700184914874,40.64127813130492],[-74.06998354653952,40.64106894218422],[-74.07285041194937,40.64080368751244],[-74.0727769001111,40.64052896221477],[-74.07307725837745,40.64051331086375],[-74.07309035578784,40.638618998753294],[-74.07237941129381,40.63816272514152],[-74.07257275212609,40.63787190894334],[-74.07348353801727,40.63778735700304],[-74.07348737303562,40.637233528303646],[-74.07053959705199,40.63747140369173],[-74.07049412213838,40.63716188590703],[-74.07341562632818,40.636893950033006],[-74.07337342888036,40.63661072470685],[-74.07209483807509,40.63664727669203],[-74.07335822045596,40.636536093232586],[-74.07283184410433,40.63366603189313],[-74.07332821316406,40.6320584420578],[-74.07298474612324,40.63030897804894],[-74.06802173543952,40.62878758425295],[-74.06813019247991,40.62853904515897],[-74.0729117793656,40.62999637847397],[-74.0722922308001,40.627151706774065],[-74.07278382204925,40.627048554246265],[-74.07225500955772,40.62460874926145],[-74.06975543088329,40.62120813893989],[-74.06649335296383,40.6188976006627],[-74.0659606527178,40.619359014661256],[-74.06640988953299,40.6188644666346],[-74.0661990795487,40.61872248035631],[-74.06544586069484,40.61920262735683],[-74.06668207982925,40.61806749500605],[-74.06641558715177,40.61787249723311],[-74.06604991535909,40.61819540942027],[-74.06569864744144,40.61795641465414],[-74.06546549952755,40.618107069348326],[-74.06496189280531,40.61777239863795],[-74.0642572175159,40.61817168665308],[-74.06509908407206,40.61751095519299],[-74.06443662005026,40.6170624136701],[-74.06390892240364,40.617328824216585],[-74.06432745858051,40.61698850208968],[-74.06376129984487,40.61679874906486],[-74.06143961457278,40.61437801976714],[-74.06033680792015,40.611901879287224],[-74.05985444328624,40.6121029576757],[-74.06019772795602,40.612786374999516],[-74.05999919711634,40.61278389868621],[-74.05976930738183,40.6120566462069],[-74.06027224809945,40.611819639006754],[-74.05927028252356,40.61149251392692],[-74.05890133421524,40.611002285553866],[-74.05908584308705,40.61063367632208],[-74.0571638387898,40.60874278217127],[-74.05649565936768,40.607247647323824],[-74.05552126122367,40.60648289163625],[-74.05516001122322,40.606730490418464],[-74.05505974095807,40.60626541952043],[-74.05381069805443,40.60591271792059],[-74.05360729740823,40.605238808485346],[-74.05402039959056,40.60493471998388],[-74.05303330741084,40.60146646976668],[-74.05342251521803,40.60056666123784],[-74.05222983028327,40.59982388266157],[-74.05287153843389,40.59986725453471],[-74.05447422333906,40.59875553861607],[-74.05719369904652,40.59639507787962],[-74.05972690577232,40.59390821578038],[-74.05964120596151,40.593709387460656],[-74.06055353637058,40.5933797544912],[-74.06215274432546,40.59202503960966],[-74.06503332356277,40.588990997938154],[-74.06436003721248,40.58826789024247],[-74.06477833032996,40.58848830979336],[-74.0672227681699,40.58673444933036],[-74.07096310182047,40.58318198947031],[-74.07149180521229,40.582168781720156],[-74.07065781537815,40.58162562410545],[-74.0714667093301,40.58202724296582],[-74.07177638431186,40.58187653423171],[-74.07499413073515,40.579236556484055],[-74.07336118472104,40.57827548735688],[-74.07508288192622,40.579160157823296],[-74.07579819540712,40.578309249718366],[-74.07534622582405,40.577887968639466],[-74.07601596977902,40.57824491135797],[-74.07688226472139,40.57763678897925],[-74.07673747616744,40.57737250839318],[-74.0769388152876,40.57753434465907],[-74.07737472522544,40.577282158475896],[-74.07926321256909,40.57567129127343],[-74.07867933938915,40.57508182429108],[-74.07933640538258,40.57562720308463],[-74.0805028914751,40.57498045777838],[-74.0859529738592,40.570298226172035],[-74.08691263653223,40.56898584175137],[-74.0862163222426,40.568532697214884],[-74.08725078316105,40.56908167726065],[-74.0883569978173,40.56826670665917],[-74.08924906075134,40.56701556960251],[-74.08998259932838,40.56738001060088],[-74.09099905467042,40.566737128165336],[-74.09407071109428,40.56273161852901],[-74.09542371796327,40.56315463463638],[-74.09661362272217,40.56208714460518],[-74.09819767261924,40.55983647587245],[-74.09829030823701,40.559332613224655],[-74.09782127024009,40.55905346528557],[-74.09876415480899,40.5594235507187],[-74.09938031432738,40.558964192428995],[-74.09992914201311,40.559070684720325],[-74.10079963928109,40.55832182018366],[-74.10184637674703,40.55621698784785],[-74.10135423270512,40.555583299011296],[-74.10265076360245,40.55613440385308],[-74.10309839111537,40.55590464051899],[-74.10465943491397,40.55412046637908],[-74.10508907947455,40.55323546707854],[-74.10484447636338,40.55302581362412],[-74.1064282206517,40.55385337268911],[-74.1064815081232,40.554156827440785],[-74.10734831283654,40.55414815109899],[-74.11028457387542,40.551496356485394],[-74.11278846958066,40.54788426229475],[-74.1147378116527,40.547996609744445],[-74.11546177798415,40.54751536159374],[-74.11654532176985,40.54787239221446],[-74.11804133083713,40.547306611962476],[-74.11977810044978,40.54547045572951],[-74.12160134893257,40.54527789351865],[-74.12249960095468,40.54485810678092],[-74.12638185131075,40.54052075452714],[-74.13071184272671,40.53453507450416],[-74.13356443498039,40.53151117387354],[-74.1369079907635,40.5292819179506],[-74.13728504251867,40.5297404670528],[-74.13825140719555,40.52969133606186],[-74.13888337295602,40.52996067555235],[-74.13915076013694,40.531520110689975],[-74.1406109270312,40.53413059925809],[-74.14049228277466,40.534998667130644],[-74.14000321007153,40.53545691138752],[-74.13801169425402,40.53520330504919],[-74.135075093257,40.535241169690956],[-74.13410017491096,40.5354944881727],[-74.1330261157119,40.53624033551638],[-74.13336905396334,40.53635619429331],[-74.13301207668799,40.53625606411078],[-74.13316120141162,40.53637400176895],[-74.1311954568939,40.53787240784247],[-74.13152564883184,40.53771854170627],[-74.13129269799782,40.53795670093872],[-74.13181387201774,40.53830735775364],[-74.13211244495561,40.53805229574563],[-74.13169767602072,40.537857122383606],[-74.13213560512456,40.53803312625063],[-74.13242438513325,40.537774959802874],[-74.13191182124632,40.53753284004492],[-74.13207952279663,40.53739503320828],[-74.13245302764167,40.537760280431904],[-74.13275480490115,40.53750453554787],[-74.13223596269246,40.537262549804524],[-74.13239801584271,40.53711886400059],[-74.13277603711705,40.537484009983814],[-74.13307445571553,40.53722912237197],[-74.13255786139074,40.53699140682528],[-74.13273560233304,40.53685453431111],[-74.1330945751157,40.53721201699571],[-74.13339187377342,40.53695798341548],[-74.13287438281003,40.53671963137029],[-74.13303508839532,40.53657487469383],[-74.13341004365368,40.53693972093888],[-74.13386054140383,40.53659796156179],[-74.12996934203085,40.53996776868201],[-74.13020869361587,40.539702662885176],[-74.12968375508696,40.53947171866036],[-74.12984555503498,40.5393268560295],[-74.13022754297853,40.5396837166242],[-74.13052164283047,40.53942555718756],[-74.13000272814953,40.539172392726435],[-74.13016935798467,40.539032877091294],[-74.13054176521165,40.539409305323616],[-74.13083906851895,40.53914759196039],[-74.130322448993,40.538900470312385],[-74.13048528360616,40.53875891532318],[-74.13085918854104,40.53913133887025],[-74.13115328715266,40.53887357317158],[-74.13065428041831,40.53861731020093],[-74.13117436985071,40.538855160466525],[-74.1314742421533,40.53859831395068],[-74.13097509115993,40.53834174897003],[-74.13149740072582,40.538581380446075],[-74.1317935081566,40.53832599105965],[-74.1311646631268,40.53790013493703],[-74.1279872852722,40.540710976551026],[-74.12740612949631,40.5420185745546],[-74.12760146026879,40.543222781312984],[-74.1279283050762,40.54337324612383],[-74.12756660762842,40.54349933300234],[-74.1279896839074,40.543484342698974],[-74.12781893446555,40.54356439871244],[-74.12901864630724,40.545059240830696],[-74.13072654082103,40.54625518942732],[-74.13325905654528,40.54684725040509],[-74.13542312361007,40.546574297562394],[-74.13641153119032,40.54625234910975],[-74.13651613439377,40.54591474720561],[-74.13713259013672,40.54593097342747],[-74.1361154072406,40.545019844747735],[-74.13638379801961,40.54485467057417],[-74.13719287519716,40.54578429376793],[-74.13750833508851,40.54557755630657],[-74.13658907071057,40.54484548516384],[-74.13687348630864,40.54468259297792],[-74.13794966050756,40.546000336648554],[-74.1388695134042,40.54513019667517],[-74.13762430745139,40.54425356548619],[-74.1387553470346,40.54493395749473],[-74.13901965079312,40.54471556009782],[-74.13786798524539,40.54405254319883],[-74.1380434689791,40.54390456203426],[-74.13903307178627,40.54470490936793],[-74.13953937915745,40.54429513994005],[-74.13914541346337,40.544509580193],[-74.13942069337882,40.544205942605096],[-74.13897454226765,40.54437610088759],[-74.13922032859917,40.54406669974173],[-74.13887570388361,40.54424355700273],[-74.1387281244596,40.54413002160294],[-74.13907750658645,40.543960152233545],[-74.13883460585723,40.54379135846096],[-74.13858581159108,40.54410463755819],[-74.13841535838714,40.543978426384214],[-74.13882325461661,40.543784053963755],[-74.13853996268432,40.54358792776064],[-74.13827964456063,40.543866693638456],[-74.13852649744582,40.54357854137397],[-74.13834151288822,40.543551827881934],[-74.13852282835349,40.54340155082235],[-74.13956971698569,40.54427227389841],[-74.139836977861,40.54405246140871],[-74.13870632397281,40.5432914099023],[-74.13890636539452,40.54313177667022],[-74.13877140226839,40.54329133127087],[-74.13903671922964,40.54322699300854],[-74.1396764048069,40.54388899492654],[-74.1398889740626,40.54375247095284],[-74.13986527264345,40.54402684307739],[-74.14001283835925,40.54383042591268],[-74.14038573073621,40.54403318407574],[-74.13921993485886,40.54316608420576],[-74.139408100776,40.543016584155744],[-74.1402957194717,40.543640456223415],[-74.14028734539116,40.54338507018702],[-74.13936132804032,40.54282586306657],[-74.13953681548021,40.54268214993769],[-74.14030634258137,40.54336710918229],[-74.14062715566953,40.543113028760416],[-74.13963169074167,40.5425410966341],[-74.13985859891677,40.542357174197065],[-74.14064614869822,40.54309421397002],[-74.14132426794245,40.5430941328981],[-74.14016510037463,40.5423662175014],[-74.1403352822975,40.54222820832743],[-74.14020723606576,40.542365223366254],[-74.14141073560407,40.54302241414828],[-74.14107892119061,40.542791170919486],[-74.14133547192978,40.54258879153814],[-74.14026290400703,40.54196151059052],[-74.14067998093046,40.54190859203897],[-74.141349013796,40.54257752219949],[-74.14129442123695,40.542335874953636],[-74.14179719957052,40.542200414450285],[-74.14089451090726,40.54157111026062],[-74.14063984172134,40.54169454110519],[-74.14095816832894,40.541432077032894],[-74.14187307971929,40.54216665719731],[-74.14167226243086,40.542335463163134],[-74.14229898630242,40.5422521105303],[-74.14247662235954,40.54133370884273],[-74.1417766138326,40.54008845540265],[-74.14200459282479,40.53956795823227],[-74.14172892651298,40.53933948316495],[-74.14230351275852,40.53906997435758],[-74.14176587793767,40.5385420400677],[-74.14226513008,40.53814035273264],[-74.14183789388265,40.53842161949472],[-74.14216718019145,40.5379327601361],[-74.14104157916552,40.537346884535204],[-74.14129825471827,40.53713817701629],[-74.14218574841885,40.537917777359404],[-74.14238963689814,40.537753260075306],[-74.14158287690893,40.53708757702033],[-74.14370120016164,40.53721148172241],[-74.14474069813582,40.53580104327912],[-74.14536324652764,40.535856355964405],[-74.14599669615093,40.5353903918798],[-74.14701525183808,40.53532447151259],[-74.1492173326397,40.534241586828834],[-74.14977717489461,40.53388786887467],[-74.14975846488886,40.53342430181936],[-74.15069553618278,40.53254583800505],[-74.15112025690526,40.53274138157462],[-74.15185337744485,40.53216402009128],[-74.1524566093669,40.53206794306886],[-74.15464111999903,40.5303346374923],[-74.15454357374459,40.53006213537161],[-74.154928948494,40.530225482643615],[-74.15564782339318,40.529642983163626],[-74.1555035725126,40.529438025405675],[-74.15599000320388,40.52941960278582],[-74.15644868150137,40.5289318412719],[-74.15618731852452,40.528611370662226],[-74.15701861946273,40.528977654877544],[-74.15826103107301,40.528300498230905],[-74.15797239457908,40.528067084912394],[-74.15832645126989,40.5282784258511],[-74.15970134520207,40.52729599189952],[-74.1603042631396,40.52755574689265],[-74.16158217423522,40.527013476844665],[-74.1622719610889,40.52719426187888],[-74.1647465706861,40.52608034456947],[-74.16999711161473,40.52304577152037],[-74.17109099055246,40.52354711448229],[-74.17202446655698,40.523333209875986],[-74.17601245479072,40.52087596189707],[-74.17758295522106,40.51923086593405],[-74.17831876690428,40.51994578470292],[-74.17924381368914,40.51998421574251],[-74.1798101694893,40.52055233677408],[-74.18104081208887,40.520705035355185],[-74.1848311647976,40.51934135766885],[-74.18849353720907,40.5163400236638],[-74.18926875557327,40.515344975940415],[-74.18884297815649,40.51508716538509],[-74.18971218498397,40.51532037760234],[-74.19409643736373,40.51064124143031],[-74.19521339999072,40.509977652023736],[-74.19649936989558,40.509923530465926],[-74.19860831704766,40.5111970222179],[-74.19967205357716,40.51142684956555],[-74.20003712313155,40.51267759889784],[-74.19892572793869,40.51277730506644],[-74.1990730709549,40.51308388360501],[-74.20082898254242,40.5130307030265],[-74.20759701728616,40.51183515521984],[-74.2096878939744,40.51079736841048],[-74.209322004642,40.51039862796349],[-74.20985338128544,40.51067192439284],[-74.21353130803669,40.50639747629595],[-74.21434250129722,40.506518910355354],[-74.21510815859853,40.50605975473523],[-74.21758240164536,40.503341391731645],[-74.21977016417249,40.50274268753289],[-74.22304657854352,40.50247817812486],[-74.22500232195861,40.50177029420015],[-74.22729413510993,40.502297498523895],[-74.23124443244185,40.50182685938706],[-74.23678845619577,40.50000083432444],[-74.23766770359757,40.499123254001866],[-74.23851321635705,40.49889607543697],[-74.2398485124399,40.49758301227515],[-74.24432798252597,40.497546739282896],[-74.24676102774194,40.496133986679965],[-74.24917156868959,40.49656729612149],[-74.25085489422248,40.49800616266331],[-74.25116773245708,40.49899308972178],[-74.25316124492011,40.500125375532924],[-74.25530969765195,40.50413640979277],[-74.25530710377622,40.506536453187096],[-74.25559136315215,40.50771294979717],[-74.25462856709909,40.50867482479512],[-74.25497290370964,40.50880566120134],[-74.25399753082529,40.50897031403192],[-74.25431454169312,40.50941369371704],[-74.25368911881061,40.50942559550722],[-74.25464651262911,40.509826244992475],[-74.25452621732619,40.50997301495421],[-74.25364812518255,40.509470529504384],[-74.25331579805132,40.50986150360904],[-74.25306394553087,40.51105525643782],[-74.2532580688567,40.51108868844888],[-74.25300847277555,40.511193988773435],[-74.2535268507671,40.51167776509991],[-74.25303635381555,40.511433159526824],[-74.25308950870559,40.51212196044636],[-74.25195197488475,40.512997001615304],[-74.2521259139706,40.51371037886801],[-74.25004587756581,40.51510850956233],[-74.25055526413557,40.5157163414969],[-74.2501562651677,40.51536118726748],[-74.24988824874998,40.515521544261],[-74.25056007272198,40.51610674060305],[-74.24921528676101,40.51508486036732],[-74.24994158808042,40.51613748725904],[-74.24943096899091,40.51568788466553],[-74.2482842208389,40.51648694862171],[-74.24894624665613,40.51719453885474],[-74.24940770789283,40.5169808304917],[-74.24851449056035,40.517475625333056],[-74.24891910653054,40.51720843276049],[-74.24751811835532,40.51573586384667],[-74.24693048008477,40.51606645348582],[-74.24644039651324,40.51596502757654],[-74.24612857679287,40.51613739164176],[-74.24674997194066,40.51649561230851],[-74.24651040267679,40.516669854374],[-74.24699556996595,40.51718208426358],[-74.24647899705329,40.51668732627885],[-74.24653682834263,40.51695995944752],[-74.24634969801771,40.51675337100295],[-74.24520861528356,40.51728974269215],[-74.24563473169945,40.51807557981377],[-74.24429835217606,40.518515002175775],[-74.24232477833277,40.5183265240898],[-74.24103122918544,40.51954251175592],[-74.24049069687703,40.51919162803805],[-74.23982258316776,40.52009071051181],[-74.24117293552202,40.52106013050001],[-74.2429323503651,40.521227160200816],[-74.2425837563945,40.52219864806859],[-74.24280157009575,40.52400729535467],[-74.24335792685865,40.5248189128884],[-74.24396500758859,40.524905365405836],[-74.24333883883855,40.52585380424793],[-74.24282860818637,40.52741887982482],[-74.24288671381211,40.528200129894],[-74.24251028997736,40.52844593483648],[-74.24224528137324,40.529822778572935],[-74.24150733322895,40.53104134186311],[-74.24181061621535,40.532562674489476],[-74.24217799663235,40.53257613754456],[-74.2420457028601,40.534346376118364],[-74.24366348091215,40.53607471934023],[-74.2441249598849,40.53619629479692],[-74.24414782538699,40.53688140898495],[-74.2449369311447,40.53666387598506],[-74.24533651176057,40.53690599350257],[-74.24442748922031,40.53801643246688],[-74.24539376220099,40.53955167428619],[-74.24560205698324,40.54094959364523],[-74.24648614815791,40.54221339172353],[-74.2476777803961,40.54312540237073],[-74.24803463735694,40.54309323950932],[-74.24613743768708,40.54569644599984],[-74.24336346552771,40.54786513430371],[-74.24358447651353,40.54762398994643],[-74.24220318463436,40.54694867736803],[-74.24039182810056,40.54766330924164],[-74.23837191304231,40.549141565882195],[-74.23761963467331,40.55012346764646],[-74.23641459726798,40.5505082225177],[-74.23616473136121,40.55142942372959],[-74.23650799201287,40.55202727006101],[-74.23639962086159,40.55233533225849],[-74.23489865800808,40.55300521573913],[-74.23332400080324,40.55250914263374],[-74.23229112933166,40.55336369704354],[-74.23071036198121,40.555557593326796],[-74.22931954185714,40.55549158603058],[-74.22905162187638,40.55610708117294],[-74.22833214372007,40.55639035337926],[-74.22743682730533,40.55603853258426],[-74.22640494542951,40.556255711913714],[-74.22390334134495,40.55589706461233],[-74.22344265106312,40.55604656897134],[-74.2237860670913,40.555880267077555],[-74.22257486801377,40.55540620884749],[-74.22157006613199,40.55564898202554],[-74.22129864604462,40.55536622375342],[-74.22086715093401,40.555940201345564],[-74.22029711808949,40.555597920130595],[-74.21974356930723,40.5546126711403],[-74.21908060899345,40.55484700126579],[-74.21921716370935,40.55579696894644],[-74.2189583263339,40.554857582986216],[-74.21859325782808,40.5546742093156],[-74.2187503688056,40.556027739605106],[-74.21775342391737,40.555005283844],[-74.21604246060636,40.55554411785086],[-74.2147405319882,40.556242388199955],[-74.2149925696477,40.55679493186375],[-74.21462340478287,40.55691336128873],[-74.2137646731759,40.556396942393135],[-74.21327457291383,40.556624933344416],[-74.21196767172765,40.55844246784467],[-74.21188042321681,40.559596936929616],[-74.21116899542133,40.560486289940826],[-74.21134005281326,40.561230352153096],[-74.2110960035539,40.56213147086216],[-74.2113799785878,40.56349220434264],[-74.20953467232908,40.56792804772583],[-74.20886661112192,40.568909792996934],[-74.20892636328671,40.56962429751777],[-74.20801705381419,40.57051795646853],[-74.20783559015288,40.57261000051937],[-74.20707800410416,40.574266339284364],[-74.20728431413174,40.57525453194033],[-74.20681205626776,40.57592201925596],[-74.20708917179498,40.57630558940653],[-74.20658040532211,40.57665273640702],[-74.2068082796181,40.5771795678603],[-74.20632344195356,40.577538818032565],[-74.20591732509398,40.57861664662135],[-74.2059925508149,40.58041038300362],[-74.20508136987236,40.58159946787034],[-74.20508854474977,40.58220819014307],[-74.20440076433692,40.58371294490965],[-74.20463390208104,40.58432323786899],[-74.20411940258332,40.58589554014345],[-74.20458065694798,40.58821760275032],[-74.20412200974503,40.588881473480164],[-74.20432302142393,40.589136616541026],[-74.20470529848629,40.58877236989825],[-74.20443548401089,40.58921839736457],[-74.2046460894321,40.589285744533505],[-74.20385886609276,40.590249524429304],[-74.20388550456522,40.58978610980911],[-74.20201405533594,40.59089579869528],[-74.20305254911503,40.59114054087751],[-74.202027339207,40.590999078359644],[-74.20184092914566,40.59163648244957],[-74.20231645768324,40.591523964170385],[-74.20092540496356,40.59286637837251],[-74.20047126824564,40.59281175114274],[-74.1997406096957,40.593564668310925],[-74.19936212279694,40.59409408186317],[-74.1994834488058,40.59432093536064],[-74.19751357718711,40.59679898510439],[-74.1973061971382,40.59805952130857],[-74.19875958205299,40.601711974243855],[-74.20014866759911,40.60368334916631],[-74.20138527472524,40.60463696527609],[-74.20221849851058,40.605969678684104],[-74.20281628374592,40.6082708270349],[-74.20230179014106,40.61187564110659],[-74.20244374449526,40.6132846929995],[-74.20045324444482,40.6163279958739],[-74.20091423238283,40.61779882146614],[-74.20087478740132,40.618100409923414],[-74.20054156331818,40.61799763856111],[-74.20035203856249,40.61834219762225],[-74.2008399145064,40.61880430167482],[-74.20068071414828,40.619168453414424],[-74.20106997469385,40.62038153984513],[-74.2004280019192,40.620495410084345],[-74.20087331582349,40.620591154793814],[-74.2014323999804,40.62161260803285],[-74.20127534263133,40.622688275353575],[-74.20154553334768,40.6226980510906],[-74.20163201104117,40.62312156452492],[-74.20107662790335,40.624078345657274],[-74.20106080033602,40.62589517907949],[-74.20141670667913,40.626070512963246],[-74.20098625565414,40.6293441471738],[-74.20042573785119,40.629821165020815],[-74.20040812771617,40.63025009976202],[-74.2007872998309,40.63034627353532],[-74.20040311643059,40.630292361334824],[-74.20018462159052,40.63132866853166],[-74.2004038037398,40.631445819761495],[-74.2001726540773,40.63136107959847],[-74.19834358263715,40.63314148677489],[-74.1972867528884,40.633291930148424],[-74.19714960710617,40.63392851584064],[-74.19646965159136,40.63413553275282],[-74.19602904691452,40.63499584787445],[-74.19530704356407,40.63523389458459],[-74.19442256854936,40.636582105280574],[-74.19478689682471,40.637131510731635],[-74.19462310145191,40.637391182631134],[-74.19358317694855,40.63746911595209],[-74.18652496897597,40.64338866123886],[-74.18623209809662,40.6431873959227],[-74.18590896667854,40.64363143856916],[-74.18483594580846,40.64412826540613],[-74.18411319064435,40.64353008269316],[-74.18437046773803,40.64309957595736],[-74.18365067064063,40.64223964011809],[-74.18402611192013,40.643100407637114],[-74.1838457593691,40.643266155874784],[-74.18324212279416,40.642963677170435],[-74.1836674587201,40.64461048411746],[-74.18288931621834,40.64480028201343],[-74.18118434243927,40.644586158312286],[-74.18087212513223,40.644851428745746],[-74.18048173953659,40.644278923843885],[-74.18004077949229,40.64428813974106],[-74.1799650727402,40.645266981370305],[-74.17972987752037,40.6443807011793],[-74.17933117249433,40.64440051083993],[-74.17925123340665,40.64504187603765],[-74.17907466583894,40.644646506123934],[-74.17903555928561,40.643394786088095],[-74.17940482802032,40.643128965543816],[-74.1795871372141,40.64191768253148],[-74.17918728067563,40.642987539063895],[-74.17825662146029,40.64212922693558],[-74.17834127011962,40.64258947506318],[-74.17781237608774,40.642599843209524],[-74.17768636299844,40.642948595586944],[-74.17721118570951,40.64312277767049],[-74.17635786617535,40.642327219630275],[-74.17668723791225,40.6425521376886],[-74.17666795538246,40.64338684383904],[-74.17560250954429,40.643311297739814],[-74.17568470742577,40.64471028396248],[-74.17546691157199,40.64464652016971],[-74.17529691545057,40.64507507588631],[-74.17436572943608,40.645136257712835],[-74.17294123891655,40.644204521923264],[-74.17300154585651,40.64358540414702],[-74.17236165386579,40.64325626661928],[-74.17272145305189,40.64294849806401],[-74.17196330565993,40.64285813176073],[-74.1715081109973,40.643134441158246],[-74.17133587281808,40.64285576411938],[-74.17186042582577,40.642522927586285],[-74.17147878989451,40.64170250906103],[-74.17158721923735,40.641029592461905],[-74.17297990582071,40.64048606626307],[-74.17156994685423,40.641011531160174],[-74.17105017239892,40.642593818197376],[-74.17119260951209,40.64173962558138],[-74.1702863544111,40.64177530732329],[-74.17007878651046,40.64208615964289],[-74.16915295569137,40.64187285894178],[-74.16906431628865,40.64213001586598],[-74.16653375792838,40.64142263695106],[-74.16609989896034,40.64240658606861],[-74.16631887292462,40.641436674072345],[-74.16580110755902,40.641224510516906],[-74.16544310082396,40.64228054577597],[-74.16494139041183,40.64220899895671],[-74.16519041758237,40.6406423048468],[-74.16473426536807,40.64039146609223],[-74.16441459649114,40.641396783793475],[-74.16459656597705,40.640315745115],[-74.16416886813631,40.639994109297746],[-74.16400179001418,40.64106585907421],[-74.16404731516643,40.63994665786696],[-74.16384976588608,40.63989150878514],[-74.16345445681999,40.63985655946568],[-74.16324577932504,40.640957418252995],[-74.16167534694235,40.640610783834205],[-74.16228465252084,40.63876565183973],[-74.16181856612258,40.63864627784505],[-74.1614491782677,40.63942833573575],[-74.16166010706993,40.6386649923807],[-74.16124015815106,40.638595010683595],[-74.16090490770392,40.639386139883456],[-74.16108161758906,40.63856776737997],[-74.16034819993166,40.6384437255209],[-74.15986410465042,40.63992782276019],[-74.160224664531,40.638339060405144],[-74.15985697767901,40.63872920128688],[-74.15931954037278,40.63781040481292],[-74.15905622378894,40.63803930938722],[-74.15900957887429,40.638822576977226],[-74.15893299160663,40.63826401688642],[-74.15789262953881,40.637965050298554],[-74.15773352572349,40.63887903423273],[-74.15777365937029,40.63795715931607],[-74.1571878278252,40.63795080429635],[-74.15697723294255,40.639275400259244],[-74.15707077305585,40.63794713470841],[-74.15610276490888,40.63793958995357],[-74.15611488264739,40.63753074623186],[-74.15569862053152,40.63751793797159],[-74.15561829326148,40.63847021909212],[-74.15558643758914,40.637730774932834],[-74.15482932461856,40.63772385448622],[-74.15469263864527,40.63919396718163],[-74.15459670163327,40.63734334313648],[-74.15279703511403,40.637132753919985],[-74.15269700449669,40.637641840792085],[-74.15221806884476,40.6376925807843],[-74.152297861755,40.638274287331],[-74.15204639233265,40.63766721438292],[-74.15119545007178,40.63773078760358],[-74.15139517613649,40.639396512124875],[-74.15112965090485,40.63850067914134],[-74.15055638842084,40.63855932973469],[-74.14945818220089,40.63741031991453],[-74.1494188170834,40.6382916396144],[-74.1488817554377,40.63870520704065],[-74.14855815092206,40.637437836594685],[-74.14877792005886,40.638876250195146],[-74.14519279481542,40.63937849672216],[-74.14386163595888,40.638887961584295],[-74.14336103010835,40.63970984424852],[-74.14238795149328,40.63964120989734],[-74.14229766980966,40.64030580616109],[-74.14155622972352,40.64036676788444],[-74.1414804740345,40.6400921933629],[-74.14076253645278,40.64058939597863],[-74.13757574838482,40.64100115143855],[-74.13737001749979,40.64129546255638],[-74.13435269573631,40.641886796472576],[-74.13299172393485,40.641416935732046],[-74.13240283577125,40.64170438805192],[-74.13125581180257,40.641596829831265],[-74.13146199764817,40.64131010314246],[-74.13018370013211,40.640723825150474],[-74.12949057637367,40.641354834263254],[-74.12997740262725,40.640729871923014],[-74.12930713186852,40.64033741027839],[-74.12893301209901,40.640413928555255],[-74.12890729033454,40.64119482665357],[-74.1288120184713,40.64022697657133],[-74.12752677240881,40.64015530378391],[-74.12702736021096,40.63931907805689],[-74.12705362205264,40.6402417367064],[-74.1260698286239,40.64025447276001],[-74.12636808688981,40.64133237955435],[-74.12564026870601,40.64141849114969],[-74.12613276551231,40.641264387095674],[-74.12599542422453,40.640231241696156],[-74.1241557844501,40.64013471570747],[-74.12285630555245,40.6408205074137],[-74.12257280479157,40.6406223391616],[-74.1229072489857,40.641019265684534],[-74.12276203509289,40.64142663436456],[-74.1213119482967,40.641452530392456],[-74.12119488957961,40.641675009132875],[-74.12128074794364,40.641432495054524],[-74.12107727405208,40.641607419656125],[-74.12118039507698,40.641383444446966],[-74.12071317588692,40.641045781258256],[-74.11993480088911,40.641197603451246],[-74.11960716747868,40.64138030842159],[-74.11995699875766,40.64220945249648],[-74.11952986105756,40.64146991338931],[-74.11909720493722,40.64147346559079],[-74.11940029532455,40.64237937760012],[-74.11900348200308,40.6414646135775],[-74.11861635236275,40.64153036409642],[-74.11883624616942,40.64254186312776],[-74.1184018508355,40.64152979961029],[-74.11800767093656,40.64180549660071],[-74.11804891156362,40.642157460079225],[-74.11791728683136,40.64182587601954],[-74.11728814480375,40.64159437627201],[-74.11711235699558,40.64165596620627],[-74.11750702523288,40.64242040749753],[-74.11713706403359,40.64189806369852],[-74.11672187663888,40.642031755164],[-74.11722470082543,40.643027359030015],[-74.11666607646228,40.642106765401344],[-74.11630000082745,40.64220266416967],[-74.11667041382688,40.64318982396024],[-74.1161420863572,40.64221645321775],[-74.11571917042296,40.64235181828144],[-74.11622691905417,40.64330710492949],[-74.11564823433876,40.64237468240183],[-74.11535082182931,40.6424705392256],[-74.1137966608601,40.643609514875294],[-74.11395094068483,40.64413659074264],[-74.11288806510967,40.64453244370494],[-74.11389010824342,40.64398966819409],[-74.11333023192628,40.643723496653735],[-74.11116129469256,40.64509642224868],[-74.11176646650023,40.64470615941234],[-74.10973932564484,40.64546372725212],[-74.10412356301745,40.64574043126753],[-74.09880066885808,40.64504703337819],[-74.09849981625507,40.64537036102114],[-74.0960455528158,40.645372746510084],[-74.09298828187646,40.645972779819864],[-74.08570754378214,40.64888055243784],[-74.08256585807118,40.6483158184208],[-74.08221272914936,40.64828016135748]]]]}},{"type":"Feature","properties":{"boroname":"Brooklyn"},"geometry":{"type":"MultiPolygon","coordinates":[[[[-73.86706149472117,40.58208797586113],[-73.86896292210412,40.58169379385631],[-73.87000313642916,40.582636613883594],[-73.8705059791835,40.583341952081426],[-73.87115922675432,40.586873887034955],[-73.86981356482099,40.58946092585592],[-73.86849671647208,40.59008984935725],[-73.86635052164097,40.591892675632394],[-73.86327273492829,40.590908074760236],[-73.86125299377375,40.58798808498886],[-73.86167447867462,40.58614479406139],[-73.86327471071958,40.58387684759952],[-73.8644924533569,40.583614937246466],[-73.86651827430373,40.58230053735334],[-73.86706149472117,40.58208797586113]]],[[[-73.86952707548932,40.59871374942208],[-73.86967070711498,40.59668856268971],[-73.87020899836229,40.59695423185699],[-73.86952707548932,40.59871374942208]]],[[[-73.91990064335977,40.59960052166041],[-73.91865887598068,40.599472427438286],[-73.9162639310834,40.59816113638036],[-73.91603208942452,40.59752722651708],[-73.91339441539608,40.59473680724813],[-73.91306340001262,40.59407210975469],[-73.91326344707662,40.592249548685274],[-73.91295122631982,40.5920543290372],[-73.91439422677793,40.59151165706582],[-73.91524478304683,40.59158750724619],[-73.91604992895567,40.592202596596394],[-73.91644112902229,40.59312680850815],[-73.91787543558036,40.59472218059252],[-73.92082947708792,40.59633468975049],[-73.92182277731904,40.59733293194014],[-73.92227201543724,40.59837681750376],[-73.92213049353398,40.59866259524493],[-73.92084893682674,40.59954139639608],[-73.91990148636718,40.59961874724847],[-73.91990064335977,40.59960052166041]]],[[[-73.87019491489949,40.598996404969526],[-73.87108141811481,40.59890114653774],[-73.87049411914776,40.60260444527218],[-73.87026280564918,40.60168122132619],[-73.87019491489949,40.598996404969526]]],[[[-73.85243335807016,40.597333396862886],[-73.85492648581453,40.596301663440855],[-73.85673364394975,40.596075763421666],[-73.86044420534071,40.59647190466398],[-73.86054977985192,40.59706301925926],[-73.86274820792639,40.59907120499222],[-73.86335999147612,40.60032220183876],[-73.86187189847237,40.6021643248835],[-73.86112814224542,40.602550330141874],[-73.85905914327765,40.60206143064162],[-73.85482595782972,40.601867194421246],[-73.85276838155836,40.60094885309352],[-73.85076748001559,40.59883944290497],[-73.85153122893777,40.59843393528808],[-73.85200481909783,40.59774843734188],[-73.85243335807016,40.597333396862886]]],[[[-73.86702905185567,40.603743387921504],[-73.86768194154214,40.60307076574496],[-73.86830808464615,40.60313916021376],[-73.86793505372705,40.603961134520524],[-73.86702607287035,40.60417158307583],[-73.86702905185567,40.603743387921504]]],[[[-73.846736514711,40.60485301391927],[-73.84640850665576,40.604484572438224],[-73.84608059037885,40.60454459290463],[-73.84641368109902,40.604187415673344],[-73.84578322472349,40.60482161344963],[-73.84489298127988,40.60471631173887],[-73.84557100063259,40.60454417116598],[-73.84518624276657,40.60446929313385],[-73.84517506659421,40.604699116582346],[-73.84445489982681,40.60468732799043],[-73.84496295282605,40.6043757046103],[-73.84492199095145,40.603682078245235],[-73.84550164467836,40.60385320945497],[-73.84515425191294,40.60373106269973],[-73.84562303792343,40.6035194308236],[-73.84619623960046,40.604181323519335],[-73.84666632132867,40.60417789591799],[-73.84638196928539,40.604410058461106],[-73.84664588411624,40.60458076142187],[-73.8474532815578,40.6044561004615],[-73.84786248378626,40.60470270539434],[-73.84776455499471,40.604907620540864],[-73.84673644312797,40.60488419638981],[-73.846736514711,40.60485301391927]]],[[[-73.8482798266727,40.60543325379524],[-73.84783682255862,40.60508496995443],[-73.84824868418823,40.60514234780644],[-73.84836044204704,40.605437406017934],[-73.8482798266727,40.60543325379524]]],[[[-73.84840341186607,40.60592082793741],[-73.84826110013671,40.605779352135905],[-73.84871964442915,40.60589027832899],[-73.84839703848404,40.605931465514544],[-73.84840341186607,40.60592082793741]]],[[[-73.8670239947516,40.60806817783699],[-73.86874317559172,40.60703517834682],[-73.8686846882675,40.60824115725143],[-73.86777501561137,40.608539487845945],[-73.8670239947516,40.60806817783699]]],[[[-73.83446265686187,40.60719253201092],[-73.83587601623046,40.605636906613135],[-73.8361015662885,40.60736279289086],[-73.83428342685956,40.60918568092153],[-73.83446265686187,40.60719253201092]]],[[[-73.86966442958501,40.60654012248051],[-73.87109330768081,40.604694173062306],[-73.87105656646138,40.60628508756184],[-73.8724557981188,40.60818552941613],[-73.87300122724768,40.610555457527454],[-73.87180082867991,40.61028041264787],[-73.8710387011171,40.60972358159414],[-73.87076008541283,40.60870539997562],[-73.86966442958501,40.60654012248051]]],[[[-73.8504762496644,40.61234221812477],[-73.84967145086539,40.612109978469235],[-73.84986139375602,40.611959649320205],[-73.84955038128892,40.61145680453088],[-73.84985688093192,40.611012803284815],[-73.84949618367791,40.61032940813394],[-73.85009329763288,40.61016211894871],[-73.84942148819557,40.6098220599819],[-73.84986875857045,40.60982323627145],[-73.84993173624795,40.60942853740917],[-73.85039248804989,40.60964680827018],[-73.85134775126467,40.609266786357665],[-73.85169868439947,40.60861152425715],[-73.85207814387779,40.60868907617891],[-73.85295254342324,40.607962828121195],[-73.85336754553667,40.60801067811978],[-73.85324221058985,40.60773065569876],[-73.8544587845092,40.607895793777196],[-73.85362640653476,40.60726470868209],[-73.85441957030251,40.60716837234906],[-73.85506642640436,40.60745986900575],[-73.85464016761232,40.60769457644133],[-73.85480344786893,40.6085962093705],[-73.8555495238693,40.608982512035745],[-73.85524868929981,40.6095432647851],[-73.85594678367828,40.60953736442576],[-73.85589039907686,40.609910045045986],[-73.85659999315288,40.61083447202165],[-73.85618685108663,40.61104553364491],[-73.85536096522672,40.61041405185405],[-73.85541694900608,40.61011534000282],[-73.85322338065062,40.61013804300851],[-73.85270386202333,40.61041800173147],[-73.85196381218927,40.61024365775642],[-73.85265329597198,40.61117386817858],[-73.85172275100344,40.61094984648486],[-73.85196469359427,40.61119655893313],[-73.85174033534174,40.61156891180073],[-73.85142054745135,40.6117745931112],[-73.85105698906973,40.611469924270594],[-73.85095809094645,40.611964117736555],[-73.85050422770723,40.61232628429491],[-73.8504762496644,40.61234221812477]]],[[[-73.8447349265296,40.61396917086906],[-73.843570024418,40.6136715062851],[-73.84343129679326,40.61297157281376],[-73.84264184886563,40.61317296537372],[-73.84183657852412,40.61268815261917],[-73.84150944621464,40.612319159056575],[-73.84157790018278,40.61182572711675],[-73.84067468895502,40.61144632120466],[-73.8398020218308,40.612361658107965],[-73.83911211112063,40.6124664498412],[-73.83871375352228,40.611994797909006],[-73.83879592263104,40.61279609416311],[-73.83817706043321,40.613080443724996],[-73.83738243759747,40.613008818299704],[-73.83623621146896,40.61227010548075],[-73.83697075068265,40.61111104171493],[-73.83752223985508,40.610858650565056],[-73.83746087176479,40.61015673016451],[-73.83851857902539,40.60923526077103],[-73.83887080449374,40.60790579811277],[-73.83910109566169,40.60831311904891],[-73.83960208679015,40.60806385152263],[-73.84004319893107,40.60823431665714],[-73.84009612003513,40.608961861534475],[-73.84049656815607,40.60855541798175],[-73.84043418347355,40.60826690729628],[-73.83935927868202,40.60761485123012],[-73.84136277623604,40.60679402108204],[-73.84126735294898,40.60625229138965],[-73.8404612355841,40.60621171707748],[-73.84041971570531,40.605770910414115],[-73.84059798357703,40.6054034160224],[-73.84075174158696,40.605642931905514],[-73.84122845055781,40.60552788764186],[-73.84112952895705,40.60469025022628],[-73.84148878849292,40.60449846313633],[-73.84185810591522,40.60479380626929],[-73.8429583110585,40.60421419228304],[-73.8432661648312,40.60442398766817],[-73.84356389803281,40.604168015630215],[-73.84442729406241,40.60415636941298],[-73.8444940021314,40.60435984113569],[-73.8436193318495,40.60439711120649],[-73.84339160774137,40.604682021152215],[-73.84270633510347,40.604639424147685],[-73.84266745807496,40.60507841822357],[-73.84243674789906,40.60484415735044],[-73.84193617890355,40.60492999707208],[-73.84243149924977,40.6052864022729],[-73.84296601844633,40.60506921203174],[-73.84282386345683,40.60472611249335],[-73.84334840245145,40.60517548991973],[-73.84338248378364,40.60498645808537],[-73.84382294802926,40.605429307883966],[-73.84356547343997,40.60584877713047],[-73.84390053212176,40.60641646696293],[-73.84370849739653,40.60582333302425],[-73.84405417411347,40.605445646032585],[-73.84360600408633,40.60470154143945],[-73.84406885474431,40.604561162744076],[-73.84460595564508,40.60503618898518],[-73.84469167618292,40.60614513828217],[-73.84411200151072,40.60589118021998],[-73.84457707892,40.606603257914706],[-73.84462396639938,40.606330920187006],[-73.84529688836992,40.60626773355533],[-73.84504974750597,40.60586040110447],[-73.84539488991788,40.60571024449035],[-73.84505052104093,40.6055271109726],[-73.84530733227608,40.60538965534426],[-73.8449390597056,40.60503253323466],[-73.84581506448451,40.60516079815482],[-73.84627027297309,40.60471168235569],[-73.84674609627481,40.60510477701186],[-73.84746742835145,40.605082477158156],[-73.8472726583086,40.605822701867424],[-73.84667159949511,40.60603792994595],[-73.84683155183185,40.60579815934824],[-73.84658451584431,40.60583076914078],[-73.8466119783197,40.60609260583412],[-73.84590992090763,40.60629229530053],[-73.84624922115569,40.60641124483392],[-73.84617769070817,40.6067623550053],[-73.84663402795599,40.60675612042463],[-73.84639030673465,40.607297789691884],[-73.84663327563298,40.60659484651908],[-73.84689095135002,40.60657422913836],[-73.8462243796046,40.606717929242656],[-73.8464444171341,40.60622328277676],[-73.84766138110854,40.605919166641335],[-73.84884425387513,40.606368219713936],[-73.84964678348717,40.606050202622],[-73.84962233759806,40.60666532625465],[-73.84875699281507,40.60651817580553],[-73.84853631508594,40.6068315470844],[-73.8480611333172,40.60672952096254],[-73.84823459635808,40.607090821963915],[-73.84754585891254,40.60697970786735],[-73.84682444495,40.6080631887675],[-73.84620410685383,40.60791965828206],[-73.84559766249687,40.608322638642086],[-73.8448623381214,40.60808770375733],[-73.84550051039034,40.60851158747461],[-73.84627897022372,40.608278686520286],[-73.8455532700862,40.60933527053196],[-73.84574157867931,40.60973290879438],[-73.84538823525133,40.60978370904125],[-73.84567799102447,40.60995394828711],[-73.84542106652289,40.61013306789751],[-73.84573576651385,40.61042832437011],[-73.84552961311748,40.61047291350588],[-73.84575180106266,40.61076804656294],[-73.84552465911356,40.610796583854906],[-73.84573342635628,40.611441013046175],[-73.84485550137117,40.61102962676491],[-73.84525812420053,40.611491649149876],[-73.8450753467771,40.61233424334961],[-73.84570908154606,40.612876693158825],[-73.84525671235063,40.613269852173175],[-73.84564426528215,40.613692194950715],[-73.84476683961267,40.61397833995486],[-73.8447349265296,40.61396917086906]]],[[[-73.83370152272126,40.62097860091436],[-73.83401888200446,40.61438116548816],[-73.83542288683323,40.61461045350338],[-73.83585572623761,40.615208998120494],[-73.83663626355332,40.615145526045886],[-73.83778556555635,40.61553933039132],[-73.83690989150001,40.61615094868533],[-73.83644029720075,40.616170401394896],[-73.83527378301089,40.61724722102284],[-73.83496079783825,40.61853292976415],[-73.83535650781207,40.618713089247336],[-73.83570733216762,40.61972916601949],[-73.83522937910512,40.61995819400072],[-73.83495815063696,40.61983928680127],[-73.83513270384407,40.6195132473743],[-73.83488922611886,40.61960685562273],[-73.83479652145606,40.61992447052452],[-73.83531201853381,40.62014537088144],[-73.8349043679185,40.62046937813195],[-73.83454605781618,40.62037355703594],[-73.83472321003036,40.62022005332997],[-73.83439058638054,40.619853600954535],[-73.8338007558105,40.6196456192545],[-73.8344733045855,40.620121846724416],[-73.8341993138516,40.62032095742334],[-73.83428021757882,40.620647653778896],[-73.83376271386307,40.620859120055535],[-73.83370152272126,40.62097860091436]]],[[[-73.83478032317487,40.62262549320828],[-73.83413865340533,40.622352180059806],[-73.83362242002201,40.62260263839958],[-73.8336821495259,40.62138130475395],[-73.83400742535407,40.62103483589976],[-73.83498716099355,40.62101129895637],[-73.83464424766935,40.62199681499118],[-73.83499220330269,40.62269314603893],[-73.83478032317487,40.62262549320828]]],[[[-73.8502309076287,40.62332082268957],[-73.84939485574913,40.62247988635543],[-73.84846371525012,40.62236570179967],[-73.84902326277843,40.6214823920862],[-73.85048934200951,40.620892489071636],[-73.85085107926835,40.620247156825464],[-73.85346708738449,40.62019768060768],[-73.85402211708094,40.619868097729665],[-73.85491444700904,40.62003375864461],[-73.85655155624741,40.61956732156532],[-73.85676349057306,40.620405656968664],[-73.85740170805201,40.62030367319616],[-73.85656816105038,40.62147874747836],[-73.85596286045323,40.62179702921057],[-73.85532981555693,40.62168818380733],[-73.85517130927302,40.621959336806775],[-73.85464356472856,40.62159400283394],[-73.85451155864315,40.6207957393805],[-73.85358897081646,40.62046182311702],[-73.85185329658597,40.6205651928499],[-73.85140319498214,40.620802814080136],[-73.8512929295495,40.621836513498295],[-73.8523603825202,40.62297486958406],[-73.85189830362783,40.622793782523516],[-73.85168262392048,40.623406198675326],[-73.85023232849376,40.623405544785555],[-73.8502309076287,40.62332082268957]]],[[[-73.83359339215494,40.62359497898346],[-73.833635825799,40.62395529097883],[-73.83357550708051,40.62359791634772],[-73.83359339215494,40.62359497898346]]],[[[-73.86212401541101,40.62399037201003],[-73.86303876770805,40.62330299083687],[-73.86350742740903,40.623409610956394],[-73.86377739099927,40.62395140712827],[-73.86343316829768,40.623897036164784],[-73.8634349817503,40.624204060549175],[-73.86264913337713,40.62395750634963],[-73.86206472231284,40.62432151245482],[-73.86207510188251,40.6240256668021],[-73.86212401541101,40.62399037201003]]],[[[-73.84589458447094,40.6249718143813],[-73.84476545398071,40.6248545686408],[-73.8447785733916,40.62423737809117],[-73.84383598677577,40.62429248129136],[-73.84389163279766,40.623811846658654],[-73.84293864765408,40.62332390304415],[-73.84428323440886,40.622954972842635],[-73.84536704025804,40.623048564798474],[-73.84509933511251,40.62342307266609],[-73.84553977722709,40.6240749178091],[-73.84521039692662,40.62407447480214],[-73.84520557917332,40.624354031138],[-73.84580124498063,40.62459627204262],[-73.84590684003422,40.625024744330936],[-73.84589458447094,40.6249718143813]]],[[[-73.84048472674716,40.62749528759526],[-73.83946700887758,40.627293840332904],[-73.84072122115312,40.62586474418918],[-73.8408439003418,40.626137894331805],[-73.84168672317135,40.62639653024277],[-73.84150723038286,40.62678144290071],[-73.84238178647995,40.62744078533915],[-73.84044645651664,40.62658622390431],[-73.84014537016148,40.626986387004685],[-73.8406690439082,40.62741364346865],[-73.84051124645266,40.62753181420089],[-73.84048472674716,40.62749528759526]]],[[[-73.86872915290883,40.61735678407084],[-73.87395306206794,40.61583941530312],[-73.8779807086464,40.61579829194586],[-73.87951577316615,40.61656151886396],[-73.87978055533651,40.618630641497255],[-73.87937556321155,40.61985788378199],[-73.8777909888883,40.62165224162805],[-73.86645484055246,40.62825538587456],[-73.865187862763,40.62766280898587],[-73.86472766045426,40.626525540981014],[-73.86498193495922,40.62566070510849],[-73.86650860322545,40.62375400708544],[-73.86637583649498,40.62300361220952],[-73.8652293618173,40.62188828160131],[-73.86500830120069,40.62054668222518],[-73.86575831319405,40.61850144902549],[-73.8668486744204,40.617809313175414],[-73.86820693763136,40.61741302361547],[-73.86872915290883,40.61735678407084]]],[[[-73.8473435066699,40.62909473878374],[-73.84955404755291,40.62493961757309],[-73.85800430922869,40.62472901226739],[-73.85825556222694,40.625796339003294],[-73.85786309317038,40.62844490173494],[-73.85650550977596,40.62909735279411],[-73.8561347984124,40.62828091034037],[-73.85396544191146,40.62761094296537],[-73.85221536588142,40.62755482977071],[-73.84922230898053,40.62880880329111],[-73.84846868196169,40.629643329820645],[-73.8473435066699,40.62909473878374]]],[[[-73.84851993565121,40.63056102334296],[-73.84843990395657,40.63056408919572],[-73.84841820925595,40.63054432552858],[-73.84843274101267,40.630459412578126],[-73.84844849292085,40.630448860930414],[-73.84849985548264,40.63044047142837],[-73.84854326257273,40.630473654936004],[-73.84857654657073,40.63048250911866],[-73.84861031467139,40.63048220160802],[-73.84865754653757,40.63046006118842],[-73.84868437801421,40.6304590397313],[-73.84870083321513,40.630546107540205],[-73.84869381617376,40.630580283072895],[-73.84870393630972,40.630605669808936],[-73.8486937426674,40.6306127050041],[-73.84859110452054,40.630590367289145],[-73.84851993565121,40.63056102334296]]],[[[-73.853000146445,40.63202284132083],[-73.85256652773397,40.63124404986365],[-73.8516673993402,40.63087050615054],[-73.85187979315106,40.63050831827681],[-73.8525210286325,40.63035618783279],[-73.85366230502953,40.63087608256285],[-73.85509269634234,40.63011015003237],[-73.85679676422355,40.62984147200733],[-73.85775996793033,40.629941397261426],[-73.8585583634798,40.630458287263075],[-73.85809624947984,40.63124990505102],[-73.85816366671979,40.63197386012336],[-73.85742626169693,40.632784621110865],[-73.85535471804667,40.63281225866121],[-73.85476657030141,40.633569410327965],[-73.85296891053801,40.6338276406858],[-73.8525169919997,40.633740931117906],[-73.85229587982757,40.63334537809975],[-73.85277790949374,40.632336173560404],[-73.853000146445,40.63202284132083]]],[[[-73.84638458909862,40.63528576725888],[-73.84782653451114,40.6327797358634],[-73.84903951875052,40.63213773952383],[-73.85006904533594,40.632205032717806],[-73.84988187687202,40.63409658397796],[-73.8488553081194,40.63543543499307],[-73.8482798356218,40.637471559470015],[-73.84764555889234,40.63827969048964],[-73.84667914840229,40.6387317108245],[-73.84604982088432,40.638465929416654],[-73.84544754444808,40.637370219805106],[-73.84427265333407,40.63669234499699],[-73.84491843346879,40.6357509439812],[-73.84611424217233,40.63530128875691],[-73.84638458909862,40.63528576725888]]],[[[-73.95439555417087,40.73911477158944],[-73.95198794354424,40.738747620043746],[-73.94652352854786,40.7369268530251],[-73.94719983367118,40.735355177181084],[-73.94706532915387,40.7344019918862],[-73.94659806707352,40.73444222341425],[-73.94692902737471,40.735313139750694],[-73.94662663786625,40.73586558423437],[-73.94617195881511,40.73620288784119],[-73.9458731056289,40.7361018303251],[-73.94557048457217,40.73661230297737],[-73.94499908889487,40.736436692779556],[-73.94518507181319,40.73547915174477],[-73.94451542117358,40.736284390462316],[-73.94239443542429,40.73542574901448],[-73.94114746701952,40.73415292660454],[-73.93981322625451,40.73115268797905],[-73.93810334960666,40.72972851858833],[-73.93492926391872,40.728543914819966],[-73.93200420453815,40.728145081960434],[-73.9292433394839,40.727397941385625],[-73.92787172405025,40.725854050264665],[-73.92779650104077,40.72492566828321],[-73.92561470516623,40.72006166127949],[-73.92481798943697,40.720265136542345],[-73.92457948088894,40.7191625224018],[-73.9249920442655,40.718384787330834],[-73.92837930101501,40.71757836635713],[-73.92887965180016,40.71772031769058],[-73.92970539915328,40.71704927845621],[-73.92931999766084,40.71611200789968],[-73.92947356921461,40.715721451688204],[-73.93219753146333,40.714972106557404],[-73.93214128153325,40.71468129065878],[-73.9317535718227,40.714741674572736],[-73.9312406705949,40.71372480995176],[-73.93263905242465,40.71305258523639],[-73.9320326298051,40.71159022214133],[-73.93338484615302,40.71123372681275],[-73.93328349320248,40.71097870652502],[-73.9319010192086,40.71133847049528],[-73.93093227547737,40.70916531032122],[-73.93036094565791,40.7087177376023],[-73.93154613746864,40.71185535081815],[-73.93077894737053,40.71216042702255],[-73.9316103273484,40.712038022250034],[-73.93184868877454,40.712564773250314],[-73.93042294313071,40.71317255773813],[-73.93105231901717,40.714610222990395],[-73.9308519013403,40.71490298465986],[-73.92843881814593,40.71553094864281],[-73.92890601265017,40.71661895637913],[-73.92823253044935,40.717106452817845],[-73.92464513863986,40.717953107984435],[-73.92363989262068,40.71732065656044],[-73.92305500014334,40.71634266386042],[-73.92431329961575,40.7158470556438],[-73.92488553507602,40.715267186719586],[-73.92433589757124,40.71412259253346],[-73.92223466477621,40.71285595342998],[-73.92154601695684,40.7110432826019],[-73.92074853115804,40.710533648025816],[-73.92189184698695,40.7093960957779],[-73.91180710069368,40.70343495159631],[-73.91290404121894,40.702361890866364],[-73.9106788273742,40.70104596813121],[-73.91180820104422,40.69993800219155],[-73.90426018411688,40.69570037051034],[-73.9057959707531,40.69412715407869],[-73.90123290660006,40.691442278207944],[-73.90180467153971,40.69076629783623],[-73.90042465113092,40.68818389794403],[-73.90116155060393,40.687877934422765],[-73.89646625128927,40.68233642154312],[-73.894174632671,40.68528324774038],[-73.89252316898266,40.68342453187186],[-73.89015418738836,40.68500398937489],[-73.88962787578852,40.68423645281754],[-73.88808341842545,40.68529363123828],[-73.88452250957425,40.686684748162754],[-73.88377698649366,40.68786340974954],[-73.879506412209,40.691146767910354],[-73.87402053306798,40.694191293782744],[-73.86902594299225,40.69513021359687],[-73.86842489778816,40.69471811858231],[-73.86868454370578,40.694034690972764],[-73.8660199322073,40.68191958609521],[-73.86410096679134,40.682372849359844],[-73.86328640844613,40.67907719562832],[-73.86234580535023,40.679164785214105],[-73.86038937918134,40.67126877451171],[-73.85763323174372,40.67165619310612],[-73.85568461221143,40.663867491440236],[-73.85842950857302,40.66345335999917],[-73.85761537251575,40.660118932221955],[-73.8603597820601,40.65964582807951],[-73.86317083340404,40.658276512016194],[-73.86269778299533,40.65761830807972],[-73.86327623068608,40.656941214395495],[-73.86300171715266,40.656653756437564],[-73.86319823700323,40.65633942678732],[-73.86264117343165,40.65566753607503],[-73.86098917353912,40.65520976617251],[-73.85975533673269,40.65410417525711],[-73.85898002979155,40.652675456902855],[-73.85695870291823,40.65058737304167],[-73.85752429374354,40.64999618929875],[-73.8578346941633,40.648302337355034],[-73.85837605317673,40.64727441438086],[-73.85716978298211,40.64367855795338],[-73.86289463224388,40.64255067874987],[-73.86670411973779,40.640021762562846],[-73.86535389969119,40.63895129274317],[-73.8656324739134,40.63878676269035],[-73.86681528201251,40.63996352673415],[-73.86732291072713,40.639871983020285],[-73.86867282895088,40.640925078270826],[-73.86991239339434,40.643278202060976],[-73.87001708273581,40.64407137147284],[-73.8706149246106,40.64485674095415],[-73.87119172949642,40.645305355379854],[-73.87257043102892,40.64557561142704],[-73.8793321168056,40.65462201591716],[-73.87971979034303,40.65437592884369],[-73.87318593330954,40.645445012429015],[-73.87344344510433,40.644671913308166],[-73.8732703125524,40.64390321341231],[-73.87297320732569,40.64383923013267],[-73.87084503422274,40.64055661925059],[-73.87008544224426,40.639844180433684],[-73.86989583386247,40.63893452798698],[-73.8679970966813,40.63811526427707],[-73.86960972136565,40.63708553367616],[-73.8692084611064,40.63746580832844],[-73.86955902490303,40.637947483394946],[-73.87293435009106,40.6363648069898],[-73.87347939154502,40.63628554486625],[-73.87444865634038,40.6366586723662],[-73.87716909788728,40.63865806876908],[-73.87856413386812,40.63904355567526],[-73.8793095452838,40.640067073345506],[-73.88048386922625,40.64097803361491],[-73.88073623546329,40.64156595754318],[-73.88029248068572,40.64140491480054],[-73.88006714132425,40.64200344569415],[-73.88152855846558,40.64245168515905],[-73.88224108165657,40.64345349147648],[-73.88214832562572,40.643743726908],[-73.88341999203027,40.64452381471689],[-73.88480750411128,40.64394630274768],[-73.88557762148908,40.64404094935977],[-73.88743444708422,40.64593668084114],[-73.88771211156099,40.64787443370393],[-73.88863638434101,40.648024491683046],[-73.89006780073068,40.64932363470785],[-73.89033529141227,40.64934776806934],[-73.89013701016974,40.64917041118383],[-73.89034734693776,40.64903360484546],[-73.89100298051528,40.64935070463306],[-73.89108330605372,40.64879257476337],[-73.8894507422767,40.64717395466383],[-73.88879690848671,40.64605025712374],[-73.88941387285452,40.646938439061536],[-73.88889569015318,40.647218817975954],[-73.88861004869386,40.64708135999931],[-73.88851637568521,40.647360690589345],[-73.88820050726659,40.64714086859649],[-73.88818990838848,40.64677356859128],[-73.88853549293145,40.646968148768366],[-73.88864181593006,40.64678511251875],[-73.88808138884073,40.64662056869612],[-73.88828981420744,40.646044214613],[-73.88740960156503,40.64532927919162],[-73.8880558718287,40.64511978632471],[-73.88734361665684,40.64522415293841],[-73.88623646791805,40.64381678678839],[-73.88373578763786,40.64245034825582],[-73.88078889725557,40.6397574327081],[-73.88055123882256,40.6391588188047],[-73.87953888017081,40.63821783838812],[-73.87896686071142,40.63845954276297],[-73.87863863908073,40.63829360532767],[-73.87843722459165,40.637948689342],[-73.87863488136357,40.63755178036174],[-73.87714434868599,40.63597649707498],[-73.87820590489783,40.63457294273004],[-73.87998767503845,40.63351488254847],[-73.88127068104541,40.6323691182285],[-73.88301362103513,40.631626148602855],[-73.88364451728232,40.63094331120605],[-73.88376932796376,40.63022176040987],[-73.8834541292347,40.62990766900232],[-73.88404726149385,40.62956011761398],[-73.88263248433402,40.62827427219438],[-73.88369231571502,40.6275593729815],[-73.8851295402378,40.62882725773888],[-73.88572166971264,40.62844671479316],[-73.88604117197285,40.628697245549084],[-73.887526737062,40.62833182354999],[-73.89042299743556,40.626278597865216],[-73.89148720748322,40.62448172148266],[-73.8923209811644,40.623744235807045],[-73.89577374598764,40.62251907045231],[-73.91633195427593,40.63203873162582],[-73.91750657333891,40.63144181514732],[-73.91731998946489,40.631007151785525],[-73.91535460301414,40.62999169413815],[-73.90385540661487,40.62494019776715],[-73.9053295804466,40.625864955151876],[-73.90254656112607,40.62444423823702],[-73.90327045944024,40.624484183008455],[-73.90269333271978,40.62421333394074],[-73.90283262223251,40.624050993516974],[-73.90228707932276,40.624409852997786],[-73.90264355554703,40.62392468837473],[-73.90291619574107,40.62395453032395],[-73.90293591363086,40.62362404759589],[-73.9009871751637,40.62254138541569],[-73.90070461050098,40.62162879338837],[-73.89811767568024,40.621851561193864],[-73.89647475412451,40.62142824515647],[-73.89561388501929,40.61980128621817],[-73.89664335225233,40.61734771221497],[-73.89646002707954,40.616129872958034],[-73.89617052459141,40.616001182771214],[-73.89573445152965,40.614887746187655],[-73.89602881667844,40.61480459911956],[-73.89586112894187,40.61451813656232],[-73.89427581408154,40.61388264231568],[-73.89249926249606,40.613792311251345],[-73.89095414564683,40.612834046384656],[-73.8914143047419,40.61212544676706],[-73.893932400722,40.611536595791755],[-73.89396385060904,40.61121422164834],[-73.89354938853043,40.61100089670401],[-73.89189389086445,40.611534670317454],[-73.89099709323192,40.61205245148378],[-73.8910779463262,40.61227686093609],[-73.8896963184647,40.61145355865982],[-73.8903021138949,40.61031765593009],[-73.89194461446812,40.60910225121588],[-73.89176940682312,40.60951926802684],[-73.89226735458972,40.60916527221425],[-73.89242327207698,40.6085582418063],[-73.89217035937482,40.60854472042488],[-73.8927294499925,40.60722719138407],[-73.89334621420018,40.606743445302264],[-73.89833878117786,40.60530365885557],[-73.89983224542384,40.605503116110704],[-73.90087672510025,40.60698012041491],[-73.90056595304033,40.60747450885766],[-73.90047685714813,40.60921746889444],[-73.90015619936536,40.61007643725449],[-73.90134997400658,40.611088614169546],[-73.90133303458654,40.611717881973526],[-73.90249392985298,40.61181499809985],[-73.90132962659405,40.610481042170846],[-73.90265077946786,40.61178062023172],[-73.90236032096212,40.61198041125011],[-73.90271854260655,40.611826024363495],[-73.903043928125,40.61209521405479],[-73.90242274717579,40.61203355907231],[-73.90587105277372,40.61506331304479],[-73.90573455901243,40.614882973011326],[-73.90603328924865,40.61495338828708],[-73.9058793762093,40.61507746047896],[-73.90696283645076,40.61611401664634],[-73.90717291149849,40.61600987440593],[-73.90673848666407,40.61629591905767],[-73.90725685565057,40.616087580444315],[-73.907083469682,40.616221367095925],[-73.90744255412072,40.616258534768164],[-73.90710595399025,40.61660985928179],[-73.90752735132169,40.616344431616454],[-73.907241693827,40.616551500955126],[-73.90794537859999,40.61703360177666],[-73.90778333873061,40.61737476185649],[-73.90813768389006,40.61715425817615],[-73.90879088017647,40.61743639578893],[-73.9086333391297,40.61716785397692],[-73.90907145153955,40.61716043739936],[-73.90835403214678,40.61653099802907],[-73.90879420819165,40.61687295639216],[-73.9091385318665,40.616531620796586],[-73.90797306390519,40.61573684312873],[-73.908156638516,40.615601123119085],[-73.90917675105398,40.61652194604777],[-73.90895706128724,40.61699148388687],[-73.90959740910343,40.6163926688669],[-73.90865024676272,40.61548455475471],[-73.90730153384287,40.6148089120752],[-73.90544378702968,40.61301450807563],[-73.90424103859337,40.612362272286326],[-73.9042910372516,40.612014855196385],[-73.90350980782242,40.61140648944016],[-73.90331047012504,40.61154716293122],[-73.90349407447778,40.61138900781023],[-73.90313578707024,40.61096753722469],[-73.90225859966282,40.610422771667494],[-73.90164211790089,40.605763359806474],[-73.90524300992104,40.60491008939199],[-73.90597461177859,40.60638402777192],[-73.90811001167573,40.60627326441065],[-73.90863959535432,40.60665872111541],[-73.90882919865997,40.60656496506805],[-73.9084923668497,40.60577213719582],[-73.9080330609782,40.605358601184825],[-73.90840361574531,40.60524329612739],[-73.90888574422165,40.60653651789599],[-73.9098515484547,40.60599972124529],[-73.90885691315674,40.605060072864696],[-73.90832536835173,40.60407337298619],[-73.91092270021181,40.60350547516829],[-73.91365119759601,40.603982512904565],[-73.91673556486204,40.60681456061777],[-73.91632230017528,40.60867566173659],[-73.91678394432758,40.608773883459804],[-73.91657073983427,40.609423538613505],[-73.91683981118769,40.608760013788114],[-73.91650924535932,40.6086297531576],[-73.91708838503317,40.60882085396611],[-73.9168196452958,40.60893138595274],[-73.91679953090689,40.609494191298644],[-73.91656604065827,40.60943782174531],[-73.9161647503773,40.61051557414368],[-73.91449542205983,40.61165322273243],[-73.91493418790435,40.61395815412251],[-73.91386053060684,40.61464226813843],[-73.91422238665953,40.614932455772035],[-73.91642099003498,40.61356935376023],[-73.91591452110684,40.61384537537988],[-73.91576807356566,40.61354033240333],[-73.91597173175404,40.61380783443421],[-73.91624768959599,40.61362609985875],[-73.91574585230275,40.6133848597706],[-73.9163958674589,40.613446833102245],[-73.91587086536364,40.61291003645809],[-73.91662804371158,40.61344358833301],[-73.91573181927134,40.61183084358135],[-73.91811036679013,40.61020839312571],[-73.91773185485054,40.60978253726734],[-73.91786638626964,40.60932723286842],[-73.91767870757278,40.609662864016435],[-73.91796270083071,40.6087859361879],[-73.9178197277143,40.609304299133484],[-73.91855666120595,40.608498308110946],[-73.91800500501193,40.60814977758223],[-73.91818728590098,40.60802457997831],[-73.91857357570953,40.60848794535492],[-73.91900737147328,40.60826725403868],[-73.9181381488997,40.60764538597521],[-73.91836246737638,40.60750136848631],[-73.91902310765312,40.608256867267016],[-73.91935398484114,40.608042921355285],[-73.91825269092955,40.60722934970816],[-73.91850300413923,40.607071235094594],[-73.9193710042992,40.60803264030944],[-73.91952209796015,40.60773879650236],[-73.91442813462284,40.60286391863086],[-73.91368718510043,40.60285042008026],[-73.91385524392098,40.602690250574376],[-73.91364075667403,40.602524180771894],[-73.91332700399026,40.60276377683743],[-73.91347072649008,40.60291168975757],[-73.91329651030479,40.60276561374549],[-73.91366089338923,40.60246890909503],[-73.91349826413605,40.60236697513538],[-73.91301723241867,40.60275424778521],[-73.91347511544238,40.60234929494098],[-73.9131165873372,40.60222025499643],[-73.91270696033584,40.60269470855133],[-73.91305994409446,40.60220620923429],[-73.91158427689338,40.60213548747099],[-73.91254170182432,40.602364439023034],[-73.91154411182988,40.60243932217152],[-73.91257290407533,40.60268329910231],[-73.91086536585779,40.60249048235606],[-73.911519571944,40.602396867636976],[-73.91093999639916,40.60212847329009],[-73.91155529140805,40.60215546379739],[-73.91075830846505,40.60202750005101],[-73.9107512397226,40.60243729893014],[-73.90903689530533,40.602677342287755],[-73.91071154457035,40.602419492245915],[-73.91070633053954,40.60214451433294],[-73.90940934304662,40.60219076482295],[-73.91073123013267,40.602021375095255],[-73.90979649926416,40.602043012071114],[-73.90894225138037,40.60160703976632],[-73.90767859330259,40.60229166578755],[-73.9039344950867,40.60272510185405],[-73.90332866108642,40.60245630305317],[-73.90143013761228,40.603272676523595],[-73.89880755323304,40.603657089480095],[-73.89793178098233,40.603325339582504],[-73.8953092028545,40.60312107922302],[-73.8937973886479,40.60318929198359],[-73.89326447374677,40.60347798805001],[-73.89219609555761,40.603388482684586],[-73.8911709653629,40.60359615305997],[-73.8908017889319,40.60398091349365],[-73.88764437104095,40.60527704638117],[-73.88477565553067,40.605141387690075],[-73.88396434882077,40.605549139494016],[-73.8827177721047,40.604178836246945],[-73.88336367944257,40.60287745716331],[-73.8818061838918,40.59936527713083],[-73.88164249998472,40.59779601750525],[-73.88084453142729,40.596342921623254],[-73.8807998189507,40.59478884221262],[-73.87990713259003,40.5920479933901],[-73.87941617176989,40.59213200486569],[-73.87989902851933,40.592020637919745],[-73.87971492228003,40.59139889089667],[-73.87935729205894,40.590843734365166],[-73.8789689043874,40.590896772185246],[-73.879293263773,40.590661430938304],[-73.87878760357643,40.58803046012606],[-73.87671672482074,40.5849144292685],[-73.87970231664,40.58013509976588],[-73.88174290022101,40.579591699832356],[-73.88174676983894,40.579158806280184],[-73.88206958203646,40.5790739777643],[-73.88287342943632,40.57912823974838],[-73.88734824650484,40.57807522369484],[-73.8911841375904,40.577872111368535],[-73.89552381007171,40.57676981750416],[-73.89604942697278,40.57822136699647],[-73.897087558909,40.57988695837166],[-73.89648974288562,40.58201651831742],[-73.89655591241933,40.58300501804234],[-73.89703138264112,40.583987578933716],[-73.89813542477575,40.585185654127514],[-73.89789705159707,40.58582125479612],[-73.89830506227047,40.58684118407111],[-73.89891599908806,40.58753743512872],[-73.89973341305183,40.58716521117758],[-73.8990302609593,40.58767009658825],[-73.89981060525028,40.58801445612319],[-73.90121791883179,40.58738333909085],[-73.89995234070636,40.58804159776456],[-73.90071546045657,40.58808399445604],[-73.90209953736365,40.58735654024407],[-73.90426874447125,40.58691226205629],[-73.90587919858669,40.587497875018514],[-73.90588718425924,40.58787737198204],[-73.90651874663766,40.58802547296022],[-73.90712502406386,40.587529702030025],[-73.90649351286095,40.587344673943406],[-73.90643924223777,40.587033855442435],[-73.91088554171192,40.58594764407217],[-73.91148171990069,40.58607871778001],[-73.91197278431744,40.58669735653901],[-73.91157677449866,40.58726262395304],[-73.91191080135246,40.588467432941336],[-73.9114857900562,40.59110875208617],[-73.91202436365305,40.59309623297411],[-73.91204234015638,40.59450695335655],[-73.91364562396883,40.59709997624994],[-73.91418739482306,40.59735702535132],[-73.91513297459498,40.59878111499793],[-73.91859190395135,40.6007963896396],[-73.92016573798146,40.601087837872406],[-73.9215168998195,40.60192365320876],[-73.9229190473697,40.60139279756542],[-73.92401237890165,40.59972227288713],[-73.9248649193498,40.59982148149086],[-73.92832255237373,40.602218381382166],[-73.92878651195423,40.60221183746441],[-73.92950671202786,40.60270923257194],[-73.9296158974918,40.60318963904702],[-73.92901612396759,40.60372123933888],[-73.92940872349563,40.604003618961855],[-73.92989750871341,40.603743245163244],[-73.93016762708734,40.604028457398464],[-73.93048920100149,40.60373586369655],[-73.9311747616174,40.60385040550233],[-73.93211608839754,40.6026885157146],[-73.93030680986907,40.60117167370848],[-73.92935962488764,40.60098626014141],[-73.92922698259741,40.60048810758365],[-73.9286525041383,40.600385590896366],[-73.92859230600075,40.60061161504388],[-73.92720240400452,40.599910079501775],[-73.92290185533977,40.59644756288399],[-73.92177536324355,40.59503092526878],[-73.92034142062141,40.59473049417261],[-73.91904140279748,40.59376539822704],[-73.9179387657117,40.592891660363144],[-73.91655940040143,40.59109258650531],[-73.91454059121098,40.589944228243176],[-73.91461921395873,40.58932715484729],[-73.91420566206685,40.58919688270385],[-73.91454699795436,40.588742325074655],[-73.91736659656198,40.58740462512811],[-73.91805568585306,40.586436544743975],[-73.91919033172357,40.58596249321534],[-73.92040498231103,40.58608977871337],[-73.92082156941883,40.585995773273986],[-73.9206698086596,40.58577362558734],[-73.92089145806787,40.585903061373344],[-73.92090603836387,40.58559058060132],[-73.9218995512202,40.58569317474119],[-73.92230200146545,40.58601802480759],[-73.92334118079799,40.58599521962316],[-73.92475709799689,40.58563257416695],[-73.92720774188905,40.58772275825444],[-73.92768287747322,40.58736159920174],[-73.92724750521373,40.58775327378748],[-73.92735680928892,40.588022175343845],[-73.92791625741056,40.5875487354597],[-73.92807906817859,40.58770245959087],[-73.92736935753538,40.58804459787067],[-73.92802185276423,40.58806875541859],[-73.92745467790994,40.58829956314174],[-73.92776143639114,40.58866060882651],[-73.92395294850095,40.59113984959273],[-73.9241996339266,40.591364279256375],[-73.92460129938564,40.591199324070814],[-73.92815905123096,40.588825248657685],[-73.92841885809032,40.58893403416584],[-73.92821616994858,40.58878391197159],[-73.92863061415638,40.588572635488326],[-73.92844090493655,40.58903042720969],[-73.9291344038264,40.588879240749634],[-73.9287570349942,40.58915296599269],[-73.92998187866192,40.589515996946304],[-73.92936128354363,40.58925066205014],[-73.92976615773307,40.58929206851535],[-73.93057705718257,40.58989064027085],[-73.93010325988766,40.58960610413911],[-73.93029788091675,40.59003516669765],[-73.93058940447364,40.58995259020019],[-73.9304601366188,40.591001218088564],[-73.93069641658053,40.59101854046788],[-73.93044960172925,40.591079690996814],[-73.93072578729826,40.59108985933279],[-73.93037197719026,40.591211399943575],[-73.93060444306958,40.591186175288655],[-73.93040541662207,40.59173094121063],[-73.93060580656588,40.59154136157613],[-73.930364436033,40.59248009258121],[-73.93017616634198,40.59240622003808],[-73.93035364458576,40.59255494936169],[-73.93018970658281,40.59245411735646],[-73.93005244539405,40.59300024258841],[-73.929712820366,40.59312004731572],[-73.93004238419589,40.59306087838572],[-73.92995591909573,40.59330857139429],[-73.92974147322654,40.5931439215132],[-73.93003922396669,40.59334842995146],[-73.92978081742058,40.59343674053927],[-73.93001650952081,40.59409453512981],[-73.93021519470315,40.59397294325218],[-73.93008159453139,40.5935954619389],[-73.93022756280041,40.59393061996453],[-73.93052488661871,40.59388023976847],[-73.93054679070711,40.59419930315319],[-73.9302993440439,40.5939380535779],[-73.93004011947694,40.5941048863981],[-73.93043246129612,40.594402674017545],[-73.93076122839564,40.594381899588456],[-73.93062305684562,40.59420449672755],[-73.93093516114608,40.59445994892865],[-73.9312205593891,40.59418331633037],[-73.93095463426401,40.594465944273836],[-73.9313668482681,40.594529171162144],[-73.93176387400013,40.59428409783049],[-73.93161313737214,40.59450351748204],[-73.93078131379619,40.59449895434444],[-73.93260420556854,40.594929543592606],[-73.9328265485289,40.59480374403679],[-73.9326765397575,40.59423641703525],[-73.93113956057566,40.59200892781515],[-73.93139997986388,40.591804889629806],[-73.9310098934316,40.591931041548605],[-73.9315593944162,40.59129296313844],[-73.93121294858955,40.58953130718697],[-73.93068568059812,40.588821953294485],[-73.93009138279221,40.58898886144663],[-73.93065021927525,40.588669868838416],[-73.9303996759751,40.58846551948295],[-73.92972846380187,40.58861391489742],[-73.93038545256269,40.58844161514654],[-73.92972232646733,40.587560081971475],[-73.93134917824067,40.58732816629717],[-73.93125191267127,40.58684982428195],[-73.92857393936468,40.58706150143911],[-73.9280823297159,40.586697693005306],[-73.92814969379519,40.586178106830616],[-73.92791933785848,40.58613580511382],[-73.92827672497616,40.58610694263779],[-73.92815700695618,40.585864522133775],[-73.92736955785888,40.586006584384045],[-73.92751621995613,40.58639826578312],[-73.92730433823881,40.58586592748758],[-73.92549354358309,40.585019291070864],[-73.9263454207472,40.585276153820836],[-73.92529083981735,40.58464073473235],[-73.92019563053378,40.58463453693755],[-73.91566114963585,40.5862234530733],[-73.91349961675871,40.58609582477302],[-73.91255391691256,40.58552633507392],[-73.9123679028881,40.584526173314934],[-73.91271079739758,40.58369994073695],[-73.91246022036006,40.583351753494064],[-73.91463166275311,40.582757633973046],[-73.91498685680604,40.58315283939626],[-73.91614199473283,40.582857436701566],[-73.91729861410722,40.583190800817235],[-73.91681104385313,40.58276204762479],[-73.916326405681,40.58281886899069],[-73.91596151080898,40.58243575740793],[-73.91541290900811,40.58236407286639],[-73.91438667636007,40.58238315711706],[-73.91417322816002,40.58280136073022],[-73.91335911446285,40.582954020082035],[-73.91296905167869,40.582972801691675],[-73.91299384246959,40.58270673923701],[-73.9128537958871,40.58301226636653],[-73.91191058860355,40.58296337632029],[-73.91128635983848,40.58231358536011],[-73.91147523338651,40.58184362866734],[-73.91505520170757,40.58154360679031],[-73.92443604094976,40.58355820251193],[-73.92963248074902,40.58339880769317],[-73.93067191888524,40.583159810828676],[-73.93096003144579,40.5827286098538],[-73.93171422041416,40.582811777910074],[-73.93194258951969,40.58310974929479],[-73.93192811186756,40.582869768002965],[-73.93237695742825,40.582918509045825],[-73.93201839411536,40.58311112368624],[-73.93420971486968,40.58297979796112],[-73.93569071639767,40.58327509225682],[-73.93582439275778,40.58302111461976],[-73.93576657211088,40.5832775089174],[-73.93613233590834,40.58331447363631],[-73.93628723189404,40.58300090262604],[-73.93609668691359,40.58294874490058],[-73.93656607029148,40.582957647854144],[-73.93630031206766,40.58300295474318],[-73.93657592440785,40.58324050465767],[-73.93697427463763,40.583230325479015],[-73.93663307422509,40.582972210971775],[-73.93763269743296,40.5830962673518],[-73.93700558408266,40.583016018539084],[-73.93712459798449,40.58334672923191],[-73.93811917695093,40.583340478062844],[-73.9380942062777,40.58311680978467],[-73.93855276236508,40.58333798405898],[-73.93862755765119,40.58306702086519],[-73.93930153084891,40.58333321412217],[-73.94057745828907,40.58332822464118],[-73.9405660894777,40.58308736737578],[-73.9401090368288,40.58307506875456],[-73.94067657802276,40.58306580463506],[-73.94070019514756,40.58332762379981],[-73.94102517918685,40.583070360973906],[-73.94093422085356,40.58330230550441],[-73.94120155728886,40.58309046427271],[-73.94157408083575,40.58360755500709],[-73.94255133565295,40.58351447523853],[-73.94202033352751,40.583110422850176],[-73.94270167762981,40.58350879668168],[-73.94304709646005,40.583492128531944],[-73.94256316190977,40.583127346584156],[-73.94319506158025,40.58348966170095],[-73.94354467530923,40.583471013428785],[-73.94309334781461,40.58313454428211],[-73.94369153004571,40.58346775333368],[-73.94406764167104,40.58347200817809],[-73.94363589795742,40.58314557297723],[-73.94461828666236,40.58349662515539],[-73.94432059818078,40.58315942394535],[-73.94517477781615,40.58352137731192],[-73.94484512940831,40.58316423441379],[-73.94573014930472,40.58354487362645],[-73.9453760523788,40.58318193071822],[-73.94628634691873,40.583568684775656],[-73.94579941258891,40.58319463929798],[-73.94643429059352,40.58356315166012],[-73.94678945068779,40.58355046668184],[-73.94631603648753,40.58320693927839],[-73.94691796276105,40.58354603231742],[-73.94726832705227,40.58353318164219],[-73.94682202947197,40.58319119093877],[-73.94746867861319,40.5835281944301],[-73.9534932204868,40.5829881973287],[-73.95330135995678,40.582002748701186],[-73.94969672499397,40.58231940013436],[-73.94274062592515,40.58099558862697],[-73.93258006568037,40.58126474027115],[-73.93106288335652,40.57616309979106],[-73.93150256744059,40.57566050419452],[-73.93486092830432,40.57552779573592],[-73.9348935645519,40.575221645567964],[-73.93507861830435,40.57550946507796],[-73.93647107586591,40.575860495424116],[-73.93672041869382,40.57541829987129],[-73.94250907828426,40.57537355359952],[-73.94439308875683,40.57578881233118],[-73.94463319129606,40.575691195814834],[-73.94460054017095,40.57523546851737],[-73.94474441660772,40.57551372700767],[-73.94572352014006,40.57555943883259],[-73.94618237597051,40.57529883527465],[-73.9459239023584,40.57511543137716],[-73.95254341027396,40.57422397857201],[-73.95374257958349,40.57429723130968],[-73.95408333385906,40.57407327125104],[-73.95413360803454,40.57433326656292],[-73.95569484044358,40.57432699533095],[-73.95634506681625,40.57420722105725],[-73.95634533454607,40.5737975773596],[-73.9565675090591,40.57417077756071],[-73.95843476359008,40.57408881461663],[-73.9589663415274,40.57394726783624],[-73.9589871897255,40.573430654799694],[-73.95909642194562,40.57386381950102],[-73.95982864911241,40.57392930870346],[-73.96720294103956,40.573326316465185],[-73.96742628474541,40.572985108036995],[-73.96818506098592,40.57317786761393],[-73.96945126202375,40.57285727943094],[-73.96924621215567,40.57230407472231],[-73.96975580336883,40.57284692375811],[-73.97132989626341,40.572643809451804],[-73.97118306355719,40.57194189815193],[-73.9716070645239,40.5726282229876],[-73.97293476162697,40.57247460171564],[-73.9733450222981,40.57232121307387],[-73.97324990115122,40.57162668567937],[-73.97344805325683,40.57227210603711],[-73.975285649671,40.572049831736294],[-73.9754056409422,40.57142103970829],[-73.9759255209153,40.57201865650529],[-73.97730110158642,40.571862385014185],[-73.97766384588142,40.57172938686688],[-73.97767087523825,40.571171019146846],[-73.97807599798223,40.571229569196454],[-73.97771533072488,40.57125191291],[-73.97780796518644,40.57175619979409],[-73.97845486511177,40.571892203366986],[-73.97984694469407,40.571539318677914],[-73.97944328367618,40.571220925015794],[-73.98010351551899,40.57172722555226],[-73.98204075852516,40.57148036959023],[-73.98157155423429,40.57124998749258],[-73.98282723201832,40.571542412642316],[-73.98367270153263,40.57140705675514],[-73.98340440737677,40.57016554357853],[-73.98304328883712,40.57014586005573],[-73.98339168436641,40.570094684087245],[-73.98336058039273,40.569529993554504],[-73.9834852186614,40.570089014130524],[-73.9838394948926,40.570112466225716],[-73.98348842146672,40.57015602961687],[-73.98375790448652,40.57139622631871],[-73.98803716678536,40.57098510783647],[-73.9886202548146,40.57089605038192],[-73.98857772038872,40.57069790857272],[-73.9887214584883,40.57088369115039],[-73.99026267527438,40.570708339184996],[-73.99077310323925,40.570599420905566],[-73.99079264766944,40.5702486478233],[-73.99086374684873,40.57060201531014],[-73.99119337523616,40.57061187403599],[-73.99298098072167,40.57019677237693],[-73.99493763229947,40.57035467358016],[-73.99518726085735,40.57002187670089],[-73.9952930120326,40.5703212817816],[-73.99576469677095,40.57039296143024],[-73.99719493825842,40.570348648111576],[-73.997369448826,40.57013730661063],[-73.99846777900159,40.57049739604074],[-74.00106438634509,40.57040154050325],[-74.00201167053905,40.570208757591885],[-74.00208547639734,40.56958598305271],[-74.0024870773771,40.57173838794023],[-74.0030318616481,40.57218559382676],[-74.00666915632597,40.5733936474431],[-74.01007410785427,40.5738308085854],[-74.01115668729264,40.574166760926566],[-74.0120154019113,40.574885051541955],[-74.01303148001796,40.57791001178492],[-74.01201762163,40.57961257371525],[-74.01101275197256,40.58037927636951],[-74.00827850914793,40.581561389187684],[-74.00604734235817,40.581983652103524],[-74.00220582876804,40.58136588508809],[-73.99821946495923,40.581474376281925],[-73.9978086245694,40.58059579998365],[-73.99182912790278,40.57924707999652],[-73.9903620646656,40.579424579188206],[-73.98842833769429,40.57881584168722],[-73.98739064388404,40.57908698213141],[-73.98669539997071,40.57981490720029],[-73.98702138577706,40.580022763943],[-73.98588567394852,40.58114442363248],[-73.98604509916231,40.5817206842193],[-73.9869450692886,40.581136420873285],[-73.9880097337676,40.579670686223466],[-73.98995504921773,40.580661668599134],[-73.99163007472379,40.58107988344957],[-73.9918252957587,40.58173851937045],[-73.9902624471437,40.58461914727301],[-73.99547188560324,40.58221005418568],[-73.9960552882052,40.58212890292184],[-74.00017922859408,40.58307394981532],[-74.00035951790481,40.5841864449481],[-73.99808523776014,40.58536472064919],[-73.99970597099512,40.58568981892625],[-73.9995651157032,40.58624391916336],[-73.99814530449004,40.58653169297483],[-73.99417305638376,40.588382856888444],[-73.9956605451227,40.587936206411506],[-73.9940790462178,40.588693441058226],[-73.99421554608305,40.588868529550446],[-73.99556316619986,40.588277071266454],[-73.99509949490815,40.588592504111475],[-73.9979563973929,40.58726950543333],[-73.99487677695369,40.58877174574282],[-73.99534737661217,40.58933137950765],[-74.00011449538403,40.58695163997029],[-74.00010886019504,40.58656072816444],[-74.00037368890936,40.58647481369766],[-74.00038207115723,40.587133056417166],[-73.99788311251038,40.58834343699048],[-73.9986729337556,40.58919554900733],[-73.99923690396959,40.58893532733675],[-73.99946446811074,40.58923326844839],[-73.9983783488211,40.58977044415622],[-73.99883618014573,40.589625488609954],[-73.99844387079492,40.58986039824517],[-73.99877800589586,40.59031435440957],[-73.99844325936867,40.59024010456213],[-73.99711168571537,40.591277976511414],[-73.99718982739485,40.59160618047165],[-73.99806438267684,40.59120946379916],[-73.99728269703786,40.591714813935745],[-73.99754851058401,40.591917578243255],[-73.99957329199391,40.59109256565099],[-74.0002307528274,40.591478488837375],[-73.99901217208547,40.59233511605657],[-73.99948304872375,40.59296919896527],[-73.9983883108362,40.593531390673945],[-74.00105748445718,40.59253700412993],[-74.00184415135472,40.593977666305534],[-74.0036340194731,40.59608059831058],[-74.00552621986125,40.59753915313835],[-74.01091566256842,40.60072197344034],[-74.01478363716748,40.60208210203842],[-74.0191356390289,40.60261275357257],[-74.02085657504252,40.60352213197391],[-74.03005146547684,40.604759172879575],[-74.03270681479884,40.606331065105664],[-74.03487047073256,40.608582286835556],[-74.03603977777915,40.609295638069455],[-74.03686123502196,40.61112799717731],[-74.03920557647396,40.61343951180125],[-74.04023427278447,40.61502825571684],[-74.04161740773601,40.62056271361325],[-74.04189513118015,40.624299026106044],[-74.04106320439344,40.63019033631251],[-74.03680662048853,40.638984220612905],[-74.03876297920756,40.63958825804796],[-74.03672484374883,40.63914118927412],[-74.0357127615073,40.64064015311391],[-74.03675840317521,40.641611761781384],[-74.03407329294261,40.64431393203132],[-74.0328429201386,40.64356370941801],[-74.0326205564018,40.64376540132669],[-74.03231070598241,40.64357458568519],[-74.03254173795672,40.64382548392191],[-74.03226870865822,40.644074378359974],[-74.03189708494338,40.64388934843718],[-74.03051830863419,40.64527442427643],[-74.02908090885776,40.644403595997765],[-74.02886241127038,40.64486602279042],[-74.0290865428924,40.644583000867044],[-74.02850116250606,40.644177563770036],[-74.02819053049322,40.64441432927369],[-74.02845721095781,40.64415605831559],[-74.02820569545007,40.6440159819577],[-74.0260494840032,40.64626134939356],[-74.02974078211075,40.6484860252778],[-74.02938990486619,40.64880405418126],[-74.02571758804812,40.646615491358354],[-74.02516202606728,40.64713874756155],[-74.02467396344866,40.64709451794607],[-74.02629688858217,40.648168925588415],[-74.02488305491131,40.64741052209162],[-74.0241456605057,40.64761510032723],[-74.0251291195524,40.648323180524656],[-74.02496792117137,40.648605961334894],[-74.02553864578044,40.64978215841543],[-74.02484436363444,40.65059963712436],[-74.02605133196799,40.65099429981047],[-74.02552971543656,40.65147854976019],[-74.02491122849038,40.651106284860674],[-74.0251025719024,40.65089330464426],[-74.02477160495674,40.65068770650276],[-74.0242402134753,40.65113351538077],[-74.02541604028593,40.65193380592244],[-74.02417752973396,40.65119177227954],[-74.0235940029519,40.651315662321124],[-74.0230599104703,40.65097430320215],[-74.02285141795983,40.651169194229105],[-74.02536890150517,40.65272143599462],[-74.02154138319226,40.65067162197861],[-74.0212465237341,40.65083497163169],[-74.02139188210673,40.65096775705573],[-74.02105230392215,40.65109828199512],[-74.02233734666835,40.65191060444899],[-74.02089862870834,40.65124727428566],[-74.02380703903127,40.653044727578845],[-74.02359434497558,40.65321636802913],[-74.02195900090597,40.65222278103813],[-74.0211867002789,40.6528398359627],[-74.02320464727141,40.65409611588521],[-74.0230621908923,40.65423323535929],[-74.02210195162452,40.65358795287498],[-74.02162946295498,40.653645164283404],[-74.02114963484495,40.65421075427894],[-74.021824797455,40.65465617485276],[-74.02164486415391,40.65487898244982],[-74.02047461820185,40.654216588294496],[-74.01919203025423,40.654022597561465],[-74.01872686588685,40.65347430959177],[-74.01811897876473,40.653885270172616],[-74.02025589052927,40.65511826194847],[-74.02005182454297,40.65533594794184],[-74.01787407223816,40.65406150139819],[-74.01715319581027,40.654775103429465],[-74.01980081651999,40.656487209652006],[-74.01726715936587,40.65519418705384],[-74.01691617851073,40.6554832740251],[-74.01665047959762,40.655338795639516],[-74.01639437533777,40.65562064191811],[-74.01910843803122,40.65736888337081],[-74.01860569460997,40.65784587309018],[-74.01585370056827,40.65621323962276],[-74.01543632269649,40.65663239582702],[-74.01774232727493,40.65809891579228],[-74.01768549175469,40.65845299182855],[-74.01504738221857,40.65695038576075],[-74.01442130484554,40.65760802101873],[-74.01745803087904,40.65945019645404],[-74.01554165389008,40.660758354543425],[-74.01400428392415,40.659811962507426],[-74.01366273992605,40.66002877970419],[-74.01183862056554,40.658912836342054],[-74.01110750410311,40.65970627364796],[-74.01402247678024,40.66152974650739],[-74.01265358811494,40.66198165310491],[-74.0085995696829,40.65952092216558],[-74.00745858163896,40.66055847527723],[-74.0103720129723,40.66239887929984],[-74.01046331724493,40.66264211885738],[-74.00955074142036,40.66326769319769],[-74.00868371591301,40.66337201190754],[-74.00616141136321,40.66184506805782],[-74.00568594756894,40.662274739427836],[-74.00428358250124,40.661444893168614],[-74.00414624892214,40.66156163474861],[-74.00622698247925,40.66278782692827],[-74.00592360503033,40.6631082498064],[-74.00380815470885,40.66190794479549],[-74.00348801100648,40.6622405551958],[-74.00455498488712,40.66281637198005],[-74.00473298121777,40.662496503063984],[-74.00535812864251,40.662869128799024],[-74.00497157758613,40.66306821230939],[-74.00519233775087,40.663201552163905],[-74.00538014413922,40.66288392552012],[-74.00599748682691,40.663258609895834],[-74.0056134868175,40.66345838932207],[-74.00767434594506,40.66479110833308],[-74.00730516126836,40.66459758981989],[-74.00712532646742,40.66491521754161],[-74.00652469600122,40.66454722673025],[-74.00688215307306,40.664340372010244],[-74.0066293785957,40.66418792919176],[-74.00644979980794,40.66450620586637],[-74.00584157632484,40.664138019741884],[-74.00620306585375,40.66393016727781],[-74.0060460851898,40.66384000470286],[-74.00575781045487,40.663922755868946],[-74.00584924770611,40.66450329768699],[-74.00564140754483,40.66453149096311],[-74.00565025959585,40.66390033691105],[-74.00362862508567,40.66273484660188],[-74.00340348595628,40.66298572516298],[-74.00459238636753,40.66373519890015],[-74.00432294897377,40.66405231904258],[-74.00528132177341,40.664657002591284],[-74.00486193792659,40.665064821005494],[-74.00113519509661,40.66290172312241],[-73.99953152609916,40.66439748500422],[-74.00292463516386,40.66646231123069],[-74.00161950021094,40.66676627824176],[-74.00120611348311,40.667018106270106],[-74.0014647093271,40.66716956777486],[-74.00068774868765,40.667545950966094],[-73.99998149339123,40.66745027397596],[-73.9990260099839,40.66844297119426],[-73.99902633264173,40.66900788746797],[-73.99924049105036,40.668306285627246],[-73.99865580691613,40.669514794615196],[-73.99891160167893,40.669648577706816],[-73.9985582446839,40.671335500737214],[-73.99876941058923,40.671602046172346],[-74.00030337808883,40.66871689156436],[-74.00105664113185,40.66894568078454],[-74.00141527103162,40.668359413414294],[-74.00221506816546,40.66857863650849],[-74.00289483876949,40.667348465016666],[-74.00586366180684,40.66799376165299],[-74.00696707834248,40.66605218142397],[-74.00475388692325,40.67072135801228],[-74.00543926529352,40.6709214673057],[-74.00754821618388,40.667051744800844],[-74.00779653349625,40.66715976984448],[-74.00708724287811,40.66859135760301],[-74.00985411855626,40.66852362740268],[-74.01154017543331,40.66508591882396],[-74.0157487288266,40.66456833535893],[-74.01690267361069,40.66484660140619],[-74.0178871914939,40.66585046535266],[-74.01857605010876,40.67039241293724],[-74.01876336878675,40.671075873561676],[-74.01933946871777,40.6716249474899],[-74.01751037086694,40.671034530051394],[-74.01648665554497,40.66493050802112],[-74.01602551776011,40.664863047855405],[-74.0159369853455,40.66547079078876],[-74.01227967872792,40.665732413226166],[-74.01087664028975,40.66860161483081],[-74.01035683667315,40.66864283445579],[-74.01033845947936,40.66907819451531],[-74.01091024340415,40.66919049143678],[-74.01087343978188,40.66971011462567],[-74.01154288031569,40.66978434181759],[-74.01162527521356,40.670581027343125],[-74.01424926931875,40.66972860380441],[-74.01175350509698,40.67065775664562],[-74.01427407257732,40.67137929824907],[-74.0151998057007,40.670754026731586],[-74.01387273763245,40.67188076082772],[-74.01423289452782,40.67212999958029],[-74.01568625497515,40.67103883399608],[-74.01297587792189,40.6733279177882],[-74.01336378218144,40.673591536001645],[-74.01511918663961,40.67215699503636],[-74.01632099922308,40.67290826863098],[-74.01457946720956,40.67441401613887],[-74.01496392184575,40.674677629361476],[-74.01816839280787,40.67193923966836],[-74.0188009477692,40.672250763915955],[-74.01727138470127,40.673608644872786],[-74.01775247096367,40.67404772195972],[-74.0180107732054,40.67391318011965],[-74.01780187203204,40.67409544047966],[-74.01817618274659,40.67446417610395],[-74.01783447572687,40.67525822208152],[-74.01829802655335,40.675459178248644],[-74.01839290896025,40.67510772321507],[-74.0188810137862,40.675092479728995],[-74.01840869520875,40.675524020138646],[-74.01850332636646,40.67584155775919],[-74.018018007396,40.67588952183061],[-74.01791198226184,40.676510461869185],[-74.01976925613235,40.67661322398452],[-74.01995197864677,40.677103009517225],[-74.01908257386329,40.67713956311478],[-74.01917743946899,40.6778269480742],[-74.01843040661619,40.67790832093211],[-74.01841103183162,40.67840712034566],[-74.01966312651504,40.67838820033783],[-74.01825267004564,40.67855288579314],[-74.01857882788785,40.67898307853961],[-74.01954011569902,40.67896820530507],[-74.01928128102033,40.67964813966261],[-74.01282000332847,40.68362241556456],[-74.01213481688791,40.682905927092314],[-74.01410549647973,40.681712518442694],[-74.01360863270283,40.68122194579534],[-74.01387398777982,40.68100981188354],[-74.01301835422105,40.680412373081545],[-74.00967108558885,40.68326872678225],[-74.0107731233938,40.68435861460812],[-74.0119325991106,40.68388774822218],[-74.00798184065677,40.686275821163065],[-74.00701988682654,40.68652641626125],[-74.00588224183234,40.6861957679608],[-74.00297565436564,40.69042657498789],[-74.0009615685494,40.69012876741724],[-74.00069905841879,40.69061185748622],[-74.00196938526081,40.69184320738468],[-74.00174362045013,40.692406748772655],[-73.99941302433209,40.69635767552043],[-73.99947406820606,40.696704133529146],[-73.99887207210419,40.69692378364129],[-73.9974989831,40.69963886838838],[-73.99716054243922,40.69979281171126],[-73.99724462871697,40.70014140896421],[-73.99466290343612,40.703430607123686],[-73.99499542533943,40.703650562278796],[-73.99456978950887,40.704376263083596],[-73.99212703535068,40.704689641100614],[-73.99186159189317,40.7040866411715],[-73.99094755350795,40.70403244120631],[-73.99022721196012,40.704934043554175],[-73.98830332208541,40.70454046802212],[-73.98828999111278,40.705070658567315],[-73.98795676491503,40.70513421647959],[-73.98652973012088,40.70497909824088],[-73.98643429826667,40.70534860648669],[-73.98343806221908,40.70564409391489],[-73.98092510311989,40.70536925426762],[-73.98090864629846,40.70590794287902],[-73.97955918553285,40.70574361431706],[-73.97905049904114,40.70596696265872],[-73.97924333493576,40.70555119594722],[-73.97896355081068,40.70550219557142],[-73.97881909040038,40.70586246715157],[-73.97892765823747,40.70549619823616],[-73.97863906658571,40.70583064728888],[-73.97868440584472,40.705454176175],[-73.97839230543768,40.70597068137791],[-73.97885303360711,40.70606553435166],[-73.97834474852873,40.70599996405469],[-73.97853198820691,40.70487652249675],[-73.97802067326656,40.70429096552326],[-73.97721196339239,40.704213925691334],[-73.97751215494964,40.70319675173059],[-73.97713562625398,40.70300558046964],[-73.97623864768487,40.70477564325781],[-73.97596096344836,40.70471550550764],[-73.97692749188352,40.702797819467506],[-73.97615937292022,40.70217127942398],[-73.97553456489742,40.70304280787281],[-73.97532987393981,40.7029519234054],[-73.97600587845447,40.70194613284889],[-73.9745502338835,40.701590343371905],[-73.97572114728969,40.69956721632243],[-73.97535997932665,40.699580517908934],[-73.9741151399252,40.70130527048661],[-73.97292642848618,40.7002945524948],[-73.97239201397458,40.70016632181938],[-73.97375700713198,40.70153413794894],[-73.97318676670898,40.70166980274081],[-73.97113824583208,40.6999178923252],[-73.97078200587988,40.699978662078365],[-73.9733245610394,40.702412655077836],[-73.97283512788735,40.702728739811086],[-73.96982556559531,40.700245069435134],[-73.96948655218084,40.70051906032526],[-73.97283889974953,40.70334642766897],[-73.97266938433755,40.70350137949824],[-73.96924539207357,40.70136474095064],[-73.96898517428967,40.70174708785366],[-73.9723124627611,40.70384453860569],[-73.97110342298832,40.70345973490684],[-73.97101963118513,40.70381561275346],[-73.9746556960804,40.706074262061314],[-73.97439083502323,40.70632577321181],[-73.97347629598468,40.70568628245845],[-73.9725488005782,40.70620448907087],[-73.97462966604422,40.70768105983534],[-73.97423616968535,40.70802438518947],[-73.97109655489108,40.7058500556253],[-73.97105692306182,40.70694643288376],[-73.97275756998377,40.7088312776147],[-73.97232032139826,40.7090828823713],[-73.97026218532285,40.70688750335117],[-73.97048881848579,40.70540066468898],[-73.9701689450992,40.705361852474354],[-73.970180755728,40.70492926963395],[-73.9675151669109,40.703437355945205],[-73.9674767449303,40.70394987002338],[-73.96929693837711,40.70508833029679],[-73.96929296348496,40.70709333016266],[-73.96984864823537,40.70800304075478],[-73.96994088125628,40.70931023047304],[-73.96959883896818,40.7102869650121],[-73.97008829539716,40.71047232183491],[-73.96967717270164,40.71050823107664],[-73.96978116774673,40.710803595994356],[-73.96938078092333,40.71101547586204],[-73.96981749607805,40.71121213924169],[-73.96931312512119,40.71109983952699],[-73.96879580997506,40.71273703792085],[-73.96846973347044,40.712824708413216],[-73.96884229050276,40.71322392408869],[-73.96726798356045,40.71698574002266],[-73.96635278582252,40.71830437298855],[-73.96515385976039,40.71926968211441],[-73.96554693084715,40.71965919775792],[-73.9653743106172,40.72009363213393],[-73.96513713562288,40.720343593821205],[-73.96446386180368,40.72006466206694],[-73.96296566336959,40.72203447618971],[-73.96165984301348,40.72486045353008],[-73.96211461566836,40.72514806246592],[-73.96116366368419,40.72526460489793],[-73.9583307822691,40.724411699833155],[-73.95794183489497,40.724649201766915],[-73.95795096213239,40.725036438235406],[-73.95842611843923,40.72540053489916],[-73.96012497133245,40.72531963570392],[-73.96028544944211,40.72594812147996],[-73.96161518835936,40.72586556214105],[-73.96099640841626,40.72876912515285],[-73.96143187677839,40.73096517071485],[-73.96226340423296,40.73291555069048],[-73.96228520236927,40.73404769494364],[-73.95982931147842,40.737060899700126],[-73.95837507902785,40.73809694843563],[-73.95693002865114,40.73888707213846],[-73.9546035338013,40.73912784744106],[-73.95439555417087,40.73911477158944]]]]}},{"type":"Feature","properties":{"boroname":"Queens"},"geometry":{"type":"MultiPolygon","coordinates":[[[[-73.83668274106707,40.59494669608348],[-73.83670920760007,40.594711962360165],[-73.83624456552002,40.59449639682274],[-73.8352719938995,40.59447351658211],[-73.83511348532718,40.59396826412069],[-73.83433212684889,40.593660766814416],[-73.83422463139402,40.59334824106346],[-73.83308377330326,40.59298662551826],[-73.83312434323057,40.59226406913768],[-73.83257498106374,40.59211820818167],[-73.83306701801901,40.59193625565245],[-73.83314190531769,40.591581772998296],[-73.83344030034269,40.59203619111185],[-73.83375728840903,40.592101121216935],[-73.83378258395449,40.591848645685],[-73.83408153119406,40.59208278515801],[-73.83422638358282,40.59193256188314],[-73.83392421303125,40.591577533643246],[-73.83422777067327,40.591373812890275],[-73.83256110970062,40.59132572884429],[-73.83253569485038,40.59021893486603],[-73.8346398087566,40.59005274574187],[-73.83495422767704,40.589728154685645],[-73.83322741518306,40.58979550515107],[-73.83347866645352,40.58936874777857],[-73.83594705454759,40.589366926803834],[-73.8371954113586,40.589699116430644],[-73.83865480129005,40.59092881623597],[-73.83866743647697,40.59153325081857],[-73.8394630381847,40.592256567556795],[-73.83996340087265,40.59187353807958],[-73.83943345735975,40.59243960854132],[-73.83989070190924,40.592800210561485],[-73.84081016081024,40.5929196852714],[-73.84135823835017,40.59213335698735],[-73.84116650852383,40.5924460634396],[-73.84220507443723,40.59315800376044],[-73.84385894083944,40.59342531102829],[-73.84331153839402,40.59442303204465],[-73.84220803023982,40.594667661777954],[-73.84031973891204,40.5958703547153],[-73.83902964248091,40.596253483816305],[-73.83743435500342,40.59580044208147],[-73.83660044560403,40.59499476460316],[-73.83668274106707,40.59494669608348]]],[[[-73.8099705940606,40.60006753644778],[-73.8104880810806,40.598779310807146],[-73.81131560541297,40.59854983115485],[-73.81157550345533,40.59814119832716],[-73.81222073287762,40.59855390754538],[-73.8150147156843,40.60205629063119],[-73.81480117749587,40.60408034240103],[-73.8142869369859,40.604455665289215],[-73.81320862394762,40.60435543815303],[-73.81016958819592,40.60279976211001],[-73.80986333857173,40.60189578907547],[-73.81001471187028,40.60010910863165],[-73.8099705940606,40.60006753644778]]],[[[-73.80031807729931,40.60706440091249],[-73.79792736498726,40.60657940445579],[-73.79840918707966,40.60600996782804],[-73.79826575424997,40.605490195164045],[-73.79867707846414,40.605703682029265],[-73.80010928079001,40.60531886538867],[-73.7995254356845,40.605243483483484],[-73.79870714092664,40.60562110729932],[-73.79781142206319,40.60515991939713],[-73.79803735364935,40.6048370364662],[-73.79876859181081,40.60501596821671],[-73.79993794607479,40.604610036975515],[-73.80048632023512,40.60476281734847],[-73.80004650162778,40.60456168136795],[-73.79790083791097,40.60472008472032],[-73.79766326029713,40.6053083879928],[-73.79821561992739,40.60593629631095],[-73.79766143422357,40.60635775497321],[-73.79634761133799,40.605788001921],[-73.79669375994605,40.60510592232618],[-73.79615217230277,40.60463909126716],[-73.79640372971184,40.60471938022343],[-73.79731901178191,40.6040666779441],[-73.80037472842118,40.604376655890434],[-73.80171364786658,40.60411011581084],[-73.8032195123824,40.60456598465163],[-73.8033806262443,40.60430406853739],[-73.80381183234235,40.604360996484026],[-73.80337740488017,40.60469893152851],[-73.80393554554057,40.605643740873475],[-73.80338852435894,40.60587044226043],[-73.8031430203318,40.60636693400034],[-73.80181702266724,40.60642295261825],[-73.80077334667722,40.60707629532162],[-73.8005810106527,40.60683722157445],[-73.80099698107304,40.60659087463239],[-73.80064444884313,40.60632931478456],[-73.80107400950128,40.60641056467505],[-73.80033863924562,40.606278814764295],[-73.80085479651733,40.60663504477574],[-73.80048279900375,40.60679263471479],[-73.80052836652476,40.60708862661323],[-73.80031807729931,40.60706440091249]]],[[[-73.82718282107054,40.607919777158806],[-73.8262976301582,40.60781707129727],[-73.82639117752832,40.60735743271881],[-73.82598212776458,40.60715799666696],[-73.82590092720771,40.60646592971703],[-73.8264961879578,40.60622446278533],[-73.82690524584686,40.606423897044856],[-73.82861671457663,40.60583848320518],[-73.82815085191217,40.60795028890055],[-73.82718282107054,40.607919777158806]]],[[[-73.79665699659027,40.608960914138876],[-73.7960086331791,40.60821735935353],[-73.79647817834139,40.60800211811699],[-73.79626124248155,40.60762498984419],[-73.7965494167661,40.60728753943111],[-73.79611287777692,40.607408653783324],[-73.79581987999939,40.60813391869984],[-73.7955169436756,40.607354961865695],[-73.79527814038413,40.6058143206013],[-73.79572698954172,40.605230612816776],[-73.796032085037,40.605300409353845],[-73.79560502059164,40.60589246719841],[-73.7957014176456,40.606460524691975],[-73.79674937775643,40.60622635542265],[-73.79789746941118,40.606868809478534],[-73.80052617654209,40.60722633771819],[-73.8019279227097,40.606637416814024],[-73.80326523257321,40.60657193125957],[-73.80401493337457,40.606131499242416],[-73.80308415747787,40.60746513124725],[-73.80182143319742,40.60795882210356],[-73.80131445386746,40.60854522309597],[-73.7970784834074,40.60901152333412],[-73.79665699659027,40.608960914138876]]],[[[-73.83026299815582,40.60854984189167],[-73.82991889866881,40.606770750267174],[-73.83125878911667,40.605953189276214],[-73.83275028159085,40.60533888262213],[-73.83587601623046,40.605636906613135],[-73.83446265686187,40.60719253201092],[-73.83428342685956,40.60918568092153],[-73.83337792466479,40.608329393612415],[-73.83352025331256,40.60859370392944],[-73.83240677103569,40.609655668229465],[-73.83141142585227,40.60942410175765],[-73.83067824786615,40.60878967733741],[-73.83026299815582,40.60854984189167]]],[[[-73.82607472604548,40.60843779861365],[-73.8266105100879,40.608196204909255],[-73.82771104235992,40.608398667198266],[-73.82805077260059,40.61004629593286],[-73.8268832641481,40.609596677136985],[-73.82607472604548,40.60843779861365]]],[[[-73.76669139771178,40.614254654517595],[-73.76516400829203,40.61375420175417],[-73.76505961679173,40.612035229678],[-73.76229944090429,40.611359205113494],[-73.76172413788882,40.61184724182527],[-73.76023635756977,40.61082086401787],[-73.76178242960606,40.60915166912204],[-73.76155051905893,40.60903136486838],[-73.75998446974843,40.6108793769143],[-73.75949119833386,40.61081579497843],[-73.7597209903859,40.61015159715041],[-73.75919672932082,40.61037038480327],[-73.75656053403193,40.610139424197385],[-73.75587091285605,40.61030679671816],[-73.7556068472615,40.61007736429449],[-73.75587412912142,40.61038518412236],[-73.75499501085999,40.61013220709586],[-73.75473219572571,40.610405240746005],[-73.75345836197005,40.610519861473726],[-73.74821585882674,40.61201107665704],[-73.74799307317252,40.61231015703538],[-73.74761418929185,40.61199800995242],[-73.74721567885197,40.61217883771825],[-73.74685539024355,40.61157409912719],[-73.7457615017868,40.61199165381629],[-73.74310894573772,40.60771599557139],[-73.74339731588086,40.607472170135686],[-73.7402913897634,40.604598230846015],[-73.73922512563075,40.60414236589448],[-73.73815143124625,40.60271043923439],[-73.73799702689156,40.601601232724505],[-73.73830871885416,40.59820837274715],[-73.73808925308366,40.5976882961589],[-73.73864871908603,40.59734426506433],[-73.738719680769,40.59694881639406],[-73.73862641254613,40.59726591369241],[-73.73878797513525,40.59697535521071],[-73.7393802365885,40.59723907206599],[-73.73992747215395,40.59705494860426],[-73.74011773557848,40.596727746892086],[-73.739798757236,40.596428602856825],[-73.74009714262671,40.596208646359365],[-73.74039153834975,40.59618219474079],[-73.74036012749528,40.59677499460774],[-73.7406438431082,40.59700119772592],[-73.74183083531217,40.59669555052441],[-73.74052059824267,40.59657185504256],[-73.74054701362398,40.5961196847856],[-73.73992792985001,40.59606158638098],[-73.73946370303062,40.596878419159694],[-73.73988306007304,40.596770973257186],[-73.73974724022861,40.59654260390274],[-73.73979634028944,40.59688267469557],[-73.73858431403256,40.5968609468438],[-73.73812220875273,40.597386101206574],[-73.73763679379566,40.594415398743756],[-73.7395876329756,40.59442652467876],[-73.74062832064124,40.594721651339725],[-73.74090170596381,40.59448824781827],[-73.74222603097074,40.59490588239192],[-73.74662917813188,40.59430149262687],[-73.7502260479635,40.5927108668525],[-73.75155756485974,40.59141760220998],[-73.75354241944437,40.590945286819306],[-73.75595463623067,40.590874197117465],[-73.76134311678325,40.591726632918075],[-73.76796973006503,40.59072948203203],[-73.77583688595267,40.59032459782537],[-73.77918495356109,40.58959310796299],[-73.78043036101896,40.589596620496714],[-73.78768370715746,40.58792293677972],[-73.78878406873126,40.587450287934956],[-73.78945065591786,40.58762324197472],[-73.79670174417548,40.58636727059228],[-73.80783502965464,40.584014949420606],[-73.81352448727559,40.583473148114415],[-73.83386923172182,40.57764989667668],[-73.8377849130498,40.57592368254317],[-73.85713422195656,40.56912687465784],[-73.86286892277312,40.566830570614115],[-73.86269356691218,40.56650219124523],[-73.86355862677969,40.56702719345848],[-73.86661720554632,40.56609194197812],[-73.86630941232441,40.56554606319267],[-73.86686111965142,40.5660864701378],[-73.86848694845878,40.56552700936933],[-73.86825117550177,40.565069488527435],[-73.8685275320513,40.56554546250155],[-73.86924996432208,40.56538475952118],[-73.87062214815248,40.564813308561924],[-73.87027588464697,40.56417465266517],[-73.87064094150604,40.56480994428516],[-73.87091316206484,40.56476458457851],[-73.87263971280458,40.56408418309457],[-73.87237878047296,40.56357511562933],[-73.87274925481702,40.56410955510898],[-73.87321952830257,40.564063905253434],[-73.87633039968331,40.56308655234073],[-73.88029675110958,40.56137495431731],[-73.88128249221315,40.56137213294739],[-73.88237441679742,40.56076042987762],[-73.88324741562239,40.56085592055292],[-73.88697510801158,40.55940048206632],[-73.88789256106386,40.55951065044736],[-73.88963947542898,40.558664350861875],[-73.89079589630367,40.55861937797501],[-73.89213864396115,40.557871541064465],[-73.89252745099394,40.55811929261037],[-73.89347065050558,40.557945577706406],[-73.8949514249942,40.55729392447726],[-73.89491817266324,40.557078795366124],[-73.89551188771085,40.55741426921751],[-73.89707956116769,40.55665743215244],[-73.89735688619315,40.55699842210964],[-73.89799514796813,40.55710213624809],[-73.9005858178681,40.55642220809213],[-73.90124251142004,40.556761077349236],[-73.90279422679738,40.55673299416339],[-73.90691391033238,40.55560357129829],[-73.9194812227785,40.55062481441486],[-73.93612022040107,40.54450741500748],[-73.93889945941939,40.54322801263012],[-73.94047403857306,40.5428500712171],[-73.94073681665425,40.54182008622313],[-73.94012975795802,40.54800256036134],[-73.94027356476005,40.55240827250547],[-73.93990865695216,40.55383641268319],[-73.93925409758555,40.55498010961893],[-73.9386556383155,40.55567659183432],[-73.9364731596448,40.55693267124478],[-73.93322685052406,40.55737939572962],[-73.93192118670612,40.557819318522874],[-73.9261572327542,40.561552608790905],[-73.92421461302578,40.56200131789266],[-73.92107822881384,40.56207985195266],[-73.92036810280453,40.562218831535425],[-73.9202596317294,40.56261229262892],[-73.92033120142668,40.562226053954355],[-73.91766081900086,40.56282614875427],[-73.91455336961286,40.56435343150161],[-73.91188319663003,40.56499040430649],[-73.91195464366186,40.565811321740625],[-73.91216181893267,40.56583625063587],[-73.91197024752509,40.565869416600265],[-73.91173615340068,40.56587265255347],[-73.91185809029395,40.564995437071076],[-73.91079817683068,40.56511099489931],[-73.91003762905785,40.56479370966972],[-73.9097168492596,40.56528742452899],[-73.9100230764213,40.5647802086062],[-73.90976258436974,40.56428483599589],[-73.90872545136823,40.56393129060535],[-73.90791915950719,40.56414843943449],[-73.90798576007798,40.56344244061906],[-73.90664724121284,40.56278591290532],[-73.90469455450437,40.562827184392766],[-73.9028714333008,40.56351486327391],[-73.90244774460153,40.562899507616734],[-73.90161118167727,40.56275144895207],[-73.9000039208845,40.56321569136992],[-73.89613262445305,40.56535842663464],[-73.89533259419748,40.56634090324177],[-73.89565980661507,40.56705946004803],[-73.89531210417968,40.56702218762077],[-73.89261013445619,40.568587246354475],[-73.88911103072228,40.56791623575869],[-73.88430973105287,40.56869611860644],[-73.88488707124726,40.56847020473648],[-73.88429876082952,40.56843680112081],[-73.88473689799137,40.56826851230841],[-73.88445975335584,40.56789283582667],[-73.88425605450004,40.568157132470155],[-73.88379103703099,40.568123910392316],[-73.88402340092406,40.5685031146786],[-73.88378086756117,40.56812718502767],[-73.88357670672721,40.568209768822015],[-73.88347850081561,40.56847311317271],[-73.88390427884411,40.568906203327025],[-73.88336927316286,40.56833185831608],[-73.88192258910146,40.56873144059335],[-73.87780808995738,40.56880062913087],[-73.86554317468644,40.57464212768025],[-73.85305549585115,40.58125526692273],[-73.85044385149195,40.58213024264908],[-73.84861053538192,40.58218814171392],[-73.84521016865192,40.5815798253314],[-73.8392959798201,40.581863544545875],[-73.83855306451117,40.58279171336695],[-73.8358408009742,40.582878938429815],[-73.82852471261212,40.58485421945007],[-73.82803692404565,40.5860525374339],[-73.8248133390712,40.587151321103654],[-73.82293688631523,40.58749164879517],[-73.82145971991773,40.58676992398893],[-73.81741586147437,40.58891701317737],[-73.81763800450653,40.58928579805025],[-73.81674197582356,40.589319168913576],[-73.8152483237495,40.58998905586311],[-73.81474784672456,40.59058812523991],[-73.81340983344639,40.5909178221794],[-73.81358856612637,40.59169768489119],[-73.81323474432597,40.59107073908529],[-73.81170344836347,40.59159374570561],[-73.8114942358587,40.59290132576449],[-73.81132554567534,40.59174649521344],[-73.81081791874642,40.592090267763695],[-73.81095018952732,40.5925030582122],[-73.81138593152033,40.59244231752219],[-73.81140751227161,40.59287125630633],[-73.81107287021045,40.59302232963974],[-73.81137331289645,40.592703053351855],[-73.81074974913332,40.592792112620224],[-73.81137347255559,40.59268449870074],[-73.81135829315784,40.59246258311263],[-73.81093965894601,40.592546846874306],[-73.81080537904421,40.59209209480278],[-73.80989929913352,40.592270952954166],[-73.81003920584514,40.59307790910925],[-73.80973138393713,40.59240418512097],[-73.80980749716515,40.59271040857239],[-73.80970982436389,40.59243960740706],[-73.8095055686676,40.59277519642448],[-73.80961196378857,40.59357698333136],[-73.8060280745985,40.5920093080722],[-73.8057277039301,40.59075873733211],[-73.80582201534743,40.59186457007425],[-73.80433954242876,40.591310583148896],[-73.8041656910304,40.591854708900456],[-73.80781870474202,40.593365436905046],[-73.80797687598303,40.594161415015805],[-73.80711253952029,40.59528407449195],[-73.80604149807385,40.595554554281186],[-73.80485298477258,40.595056335110975],[-73.80411459954668,40.59431916952105],[-73.80380902231202,40.59289116299303],[-73.80243846290308,40.59264006290277],[-73.80250965087284,40.59394812710918],[-73.80313503440723,40.59375794213883],[-73.80318082190891,40.593945377198594],[-73.80251304282986,40.593966850860006],[-73.8025683760107,40.59427226606183],[-73.80324253171004,40.59408723893307],[-73.80328793893021,40.59428211495937],[-73.80234513845662,40.59449597432456],[-73.80318574404416,40.59466300190928],[-73.80344017041453,40.59443420824449],[-73.80319675364956,40.5946781989509],[-73.80372454267386,40.59481711104754],[-73.80320010623197,40.59487284549177],[-73.80339097327904,40.59500651156178],[-73.80321494251258,40.59514564751826],[-73.80389507006738,40.59499087443487],[-73.80331453729069,40.59517956100713],[-73.80368468695724,40.595197789251465],[-73.80524832538254,40.59689503168126],[-73.80519243494217,40.59719037506324],[-73.80516341154974,40.59675799109896],[-73.80487565214916,40.59674853499929],[-73.80511185479912,40.59715104706574],[-73.80471112228048,40.597674662262754],[-73.80393338922403,40.597943497651556],[-73.80297943325748,40.598844303620616],[-73.80167092680178,40.59889630833706],[-73.80094867862819,40.59915166368749],[-73.80091500623965,40.5993907602034],[-73.80077654707624,40.599162359545936],[-73.79914327503613,40.599418797930525],[-73.79843078589386,40.599173713155736],[-73.79457361595834,40.59941902337331],[-73.79330907387678,40.59996846466636],[-73.79233256449514,40.5999543904934],[-73.78785755633535,40.60311117099772],[-73.78635332811824,40.60319465810605],[-73.78616855124808,40.60304744881957],[-73.78716241855204,40.60232643064248],[-73.7879299419265,40.60099530211872],[-73.79034006550985,40.59919167542773],[-73.79107079436685,40.59719836144057],[-73.79103617492395,40.595522239173356],[-73.7908629237989,40.595013136831625],[-73.79042048230907,40.59475269407591],[-73.7908062614169,40.59609339495191],[-73.79059442974035,40.596108383840416],[-73.79053857666521,40.594980783123674],[-73.79015263648816,40.59476820134041],[-73.7904248147227,40.59605393122153],[-73.79017830001315,40.59607131877206],[-73.7901311949162,40.59482287386613],[-73.78975503447943,40.59473724937691],[-73.7899990943909,40.59620894257092],[-73.78969872360817,40.59622803897898],[-73.78967389675829,40.59486047496782],[-73.78940242709974,40.594949784591364],[-73.78912084848298,40.5954262617918],[-73.78906829121502,40.59801992645026],[-73.7859710976622,40.60031649088231],[-73.78579378813275,40.60056892806606],[-73.78614358698636,40.60064861781931],[-73.78578006551939,40.600593260960686],[-73.78564205273268,40.60079719358848],[-73.78598359117787,40.600918237009544],[-73.7856327637329,40.60081638269609],[-73.78539358087036,40.60151802077608],[-73.784482331704,40.601800097650546],[-73.78350560905311,40.60256343781033],[-73.78312802405748,40.60376099192068],[-73.78394764971196,40.604824424184436],[-73.78366696292242,40.605324436001894],[-73.78040832267875,40.60842597389558],[-73.77856806939954,40.60964366249658],[-73.77535164745717,40.6097374060319],[-73.77422234411398,40.608893230702826],[-73.77422269363434,40.60860112770786],[-73.77481441008919,40.60839956217991],[-73.77421737753352,40.60763663803901],[-73.77460294599075,40.60741764795014],[-73.77523851986183,40.608550942067836],[-73.77600772152822,40.60919075331572],[-73.77459009469503,40.60729765616298],[-73.77518711261337,40.60450025538608],[-73.77468798964638,40.60432464745681],[-73.77537608316845,40.60415730793543],[-73.77588140582176,40.60347168082101],[-73.77605391761065,40.60275289346988],[-73.77560642181831,40.603045835607375],[-73.77568814362701,40.60281473973811],[-73.77647924254988,40.602448175711],[-73.77780302364845,40.60096655126434],[-73.77836872926966,40.600838779143274],[-73.77807565215485,40.60070077343425],[-73.77818086978309,40.60038554015341],[-73.78010900085108,40.60072742810139],[-73.7819068100765,40.59911416440991],[-73.7819360135701,40.59853114331094],[-73.78132973998125,40.59775303651456],[-73.78018334426073,40.5972125687709],[-73.78005493695562,40.59686134397646],[-73.77971840311115,40.59735254735414],[-73.77742174810766,40.59881240342898],[-73.77600163850968,40.60139432297244],[-73.77497207353781,40.601744486159554],[-73.77474212725619,40.60096342550532],[-73.77448133964758,40.60098770291837],[-73.77474285023143,40.600743782173986],[-73.77411995097053,40.599881380357594],[-73.77422338457504,40.59900521781068],[-73.77374432839079,40.59867015304912],[-73.77358545219509,40.598120472241085],[-73.77300592490838,40.59786749872482],[-73.7716762533225,40.59798502129513],[-73.77110941468534,40.598307583266894],[-73.77037291397622,40.598091767276124],[-73.76947725109174,40.59825776952271],[-73.76812285376324,40.597824358542375],[-73.76793592288803,40.598139705449135],[-73.76826549483137,40.598332443358295],[-73.77033634816473,40.59898422240038],[-73.77093086474143,40.59885759819269],[-73.77116052436337,40.59942245114139],[-73.77083917528664,40.601810915163846],[-73.77018588274093,40.6027488223927],[-73.77056521406594,40.60484040831664],[-73.77000932451242,40.60533671487361],[-73.77001519996683,40.6072155699262],[-73.76977547652287,40.60793314364027],[-73.76921898156574,40.60844989023416],[-73.76900078034954,40.6093915520524],[-73.76981818454567,40.61008787448572],[-73.77125101879493,40.610389836169375],[-73.77223450234517,40.61150167581785],[-73.77340389078988,40.611090447846614],[-73.77296268686548,40.61015276201329],[-73.77376767753127,40.61125622154306],[-73.77394430327863,40.61212373808637],[-73.77417184679703,40.611829669013886],[-73.77338597971824,40.61367506538605],[-73.76681903151125,40.614290960991504],[-73.76669139771178,40.614254654517595]]],[[[-73.78478547486449,40.61798072090299],[-73.78435569021103,40.61776448965496],[-73.78446087067887,40.61702783419721],[-73.7832255453002,40.61557872979079],[-73.78248993127511,40.61556754895432],[-73.78229527471437,40.61516815274512],[-73.78171700912468,40.61517684786413],[-73.78079376503526,40.61458756615991],[-73.78070887195287,40.614026808073426],[-73.78114906072874,40.61399827104991],[-73.78090621621664,40.6136036756863],[-73.78355221437404,40.61192445104845],[-73.78497523353344,40.61192956915567],[-73.78577809315807,40.61099347613833],[-73.78719897412165,40.61065584123731],[-73.7874154456801,40.610262110667165],[-73.78865910627557,40.61009059329438],[-73.78876011660962,40.609637894746506],[-73.78908160165902,40.60955280503487],[-73.78901840238662,40.60922220601218],[-73.78995389362358,40.608981565393556],[-73.79047269491814,40.60845618698192],[-73.79038020614568,40.608245489240566],[-73.79085621325437,40.60804806631298],[-73.79087659100063,40.60769558835509],[-73.7914741623095,40.607655057392726],[-73.79151114690592,40.60815452048441],[-73.79107360039254,40.60837894422272],[-73.79141980894755,40.60860234281613],[-73.79190592004447,40.60987412685005],[-73.79066092639171,40.60961703973832],[-73.78953790769849,40.610017778810374],[-73.79017032338821,40.61156638922033],[-73.78959932259724,40.612491488439815],[-73.78815894712247,40.61317386026378],[-73.78741844110161,40.613117692109306],[-73.78549898289548,40.614059449133364],[-73.78496522705201,40.61604591599463],[-73.78550014128353,40.6166826102542],[-73.7852870070111,40.61736174926839],[-73.78625946345426,40.61910989746404],[-73.78585459350117,40.61977406746049],[-73.78521543076675,40.620063492811944],[-73.78515920006019,40.61864728155091],[-73.78478111816793,40.618335675746216],[-73.78481106475006,40.61801504196087],[-73.78478547486449,40.61798072090299]]],[[[-73.7667082778124,40.6149108652531],[-73.76825288003396,40.614877724236926],[-73.7739769201883,40.616003574739025],[-73.76873454607978,40.62090110333372],[-73.76745926950545,40.62051132113008],[-73.7667082778124,40.6149108652531]]],[[[-73.83190996134807,40.62417572165807],[-73.83241551492004,40.62292479545287],[-73.83309705335392,40.62241474490332],[-73.83310822090134,40.62168088764276],[-73.8336821495259,40.62138130475395],[-73.83362242002201,40.62260263839958],[-73.83308424999186,40.62276139737559],[-73.83322850123342,40.623356509914295],[-73.83267620048592,40.62390827429435],[-73.83325934713264,40.62383125941245],[-73.83340903770527,40.62354801695564],[-73.83355923946421,40.62393603356842],[-73.83215639047258,40.6246921784886],[-73.83179316908037,40.62447358515186],[-73.83190913717361,40.62424377108126],[-73.83190996134807,40.62417572165807]]],[[[-73.79783533398518,40.62740871563902],[-73.79783848156966,40.62701346537112],[-73.79744863612693,40.62711047532846],[-73.79566256726096,40.62611400339527],[-73.79921493427769,40.62408471205598],[-73.79403741688613,40.62563519502244],[-73.79362927481344,40.62515647526242],[-73.79809093107173,40.62306294731182],[-73.79951085673741,40.62117553208849],[-73.79992057632705,40.618575239233486],[-73.80172498640164,40.61996700779926],[-73.8009629224234,40.617772368464564],[-73.80128049504094,40.615879838815054],[-73.80270343867812,40.613580651389285],[-73.803398209612,40.61317210341605],[-73.805089060123,40.61343255948704],[-73.80466968986512,40.61430182636835],[-73.80476592616557,40.61580099043845],[-73.80575302222276,40.61669485660588],[-73.80565945060557,40.61760025441127],[-73.80764116896117,40.621199653759774],[-73.80728331329286,40.62166643468946],[-73.80768917829117,40.62227765949224],[-73.80698502381061,40.62387199789747],[-73.80557147888447,40.624969000641315],[-73.80516248846958,40.62465622325348],[-73.8027134502958,40.62593478641554],[-73.80251577946912,40.62632913675985],[-73.8001117714566,40.62692744105454],[-73.80092841565046,40.62752410396316],[-73.79783533398518,40.62740871563902]]],[[[-73.81307233892618,40.629261098710174],[-73.81352502122891,40.62730617175338],[-73.81258556038128,40.628371915251186],[-73.81129432207648,40.62470377806784],[-73.81135581995866,40.62293751410818],[-73.812100453343,40.62110059588243],[-73.81171450418667,40.62070357280373],[-73.81109451157877,40.61791025134939],[-73.81024066504997,40.61648763972177],[-73.81089990481617,40.61621847040848],[-73.81200717773366,40.61717937055091],[-73.81211344524343,40.617925545903034],[-73.81288213914506,40.61891091872323],[-73.81370354000293,40.62138674365358],[-73.81449543302435,40.62239494437284],[-73.81418278559642,40.62369463062558],[-73.81612703184858,40.6253489982482],[-73.81679073502562,40.62634891718866],[-73.81383288662278,40.625926233065094],[-73.81382899493175,40.62613507671163],[-73.81627026043992,40.62714580498461],[-73.81720935727398,40.62910635021988],[-73.81730576927642,40.630621972865306],[-73.81637181200172,40.63137272731662],[-73.813917332198,40.630776391285636],[-73.81307233892618,40.629261098710174]]],[[[-73.82337592129355,40.638987654964986],[-73.82277105438685,40.6355769131525],[-73.82209868083855,40.63407230021393],[-73.82184604252805,40.63204018750479],[-73.82107505533321,40.62973377363369],[-73.81991014068153,40.627840652184496],[-73.81796414839567,40.62710556476426],[-73.81800752228976,40.62647634292423],[-73.8176979659327,40.62596162156373],[-73.8161148342955,40.624604654240514],[-73.81608643470797,40.62431540937682],[-73.81672998058575,40.62387151314008],[-73.81795284720685,40.62409327918488],[-73.81891708039971,40.62309026572823],[-73.81889389047463,40.62262915710008],[-73.81778633288096,40.62193777670223],[-73.81778718310689,40.62162633084363],[-73.8169700782087,40.621491556168614],[-73.81691065059819,40.62186964616283],[-73.81653074259718,40.62200251731289],[-73.81571468044625,40.621489550584506],[-73.81543174704281,40.620116530309716],[-73.81718053878458,40.61926727356072],[-73.81777429834513,40.617501120763194],[-73.81711893622213,40.615282191413016],[-73.81652681178265,40.61494700922766],[-73.81643150379571,40.61428233399757],[-73.81471812627862,40.61449608761949],[-73.81444032345235,40.61474903773825],[-73.81408062432932,40.61455840830382],[-73.8146826267649,40.6139751569226],[-73.81485722289095,40.61429922528237],[-73.81549526637578,40.61403981420072],[-73.81479563255319,40.61319402904886],[-73.81503638494627,40.612976212816974],[-73.8154694831719,40.61334292807598],[-73.81615626632498,40.612942114577336],[-73.81540366189834,40.61038480108306],[-73.81450261566708,40.611058472573],[-73.8152072079899,40.60981673266093],[-73.81476257639542,40.6084638791215],[-73.8150612987873,40.60731702934751],[-73.81574174063825,40.6064652443031],[-73.81546066483351,40.60642813607498],[-73.81552816722285,40.60616306901267],[-73.81552536723665,40.606407379349584],[-73.81595962002547,40.60626248242102],[-73.81588829778464,40.6059290334268],[-73.81642529923093,40.60522412264146],[-73.81739192106514,40.6051581233544],[-73.81725370593526,40.60394032325687],[-73.81772032638698,40.60222499880864],[-73.81831121054176,40.60133971178259],[-73.8184906612075,40.59938955854681],[-73.81928142201637,40.59752960994423],[-73.81973591765636,40.59751684233571],[-73.8204245065435,40.59648641535878],[-73.82067265991834,40.59519570523864],[-73.8212013759921,40.594779934157124],[-73.82480251192533,40.5950831604206],[-73.83241209664992,40.594618491688756],[-73.83465599514989,40.59516845771989],[-73.8348468281318,40.59554343517455],[-73.83420068056415,40.596657123231694],[-73.83215095205428,40.59767959735963],[-73.83239364453685,40.59780335244998],[-73.83154105940153,40.59795102512269],[-73.83062852179019,40.59743342479185],[-73.82948341823251,40.59813394097023],[-73.82909777422338,40.597763454288305],[-73.82806159675428,40.597680401716445],[-73.82597985962867,40.59947206643067],[-73.8255679067447,40.5985481469206],[-73.82465420597335,40.598149245770706],[-73.82395871058297,40.59887689574484],[-73.82452271276414,40.5989512630582],[-73.82477088992488,40.59839184294177],[-73.82452624858546,40.59912902629093],[-73.82407791355016,40.59890920290064],[-73.82416569888669,40.59929937873472],[-73.82376612281246,40.60004006988851],[-73.82194441759793,40.5998011550461],[-73.82146929833833,40.59999372133532],[-73.82443643762478,40.60034498241722],[-73.8244521800895,40.6007969617561],[-73.82351130294258,40.601545770228306],[-73.82357799760555,40.60227189481807],[-73.82294484740481,40.60258290853543],[-73.82290283003627,40.60468726760901],[-73.82246746702482,40.60552498189028],[-73.82290463377521,40.605851276497184],[-73.82236000876233,40.60646925972766],[-73.82126470342854,40.60700284947806],[-73.82003243563719,40.60892365482586],[-73.81961795362155,40.61047904013187],[-73.82057595436513,40.612233139948756],[-73.82087841790143,40.612257344887645],[-73.82128421052761,40.61109692835368],[-73.82054872610354,40.61043082327644],[-73.82055813673698,40.60995210803133],[-73.82161460089134,40.60848031829533],[-73.82186205241486,40.60986921113348],[-73.82233079781186,40.61028770232226],[-73.82289233348577,40.61033702126162],[-73.82424356049407,40.612508775648855],[-73.82467451637949,40.61241991319015],[-73.82468584347525,40.61307641782414],[-73.82555758997881,40.614132103778296],[-73.82593603373307,40.614162517276824],[-73.82725636633005,40.61337871319207],[-73.82787525471794,40.613697627665964],[-73.82724153727,40.61406501963947],[-73.82750222609545,40.61420466578777],[-73.82845503182502,40.61421603821921],[-73.83091996001424,40.615005486101005],[-73.83401888200446,40.61438116548816],[-73.83370152272126,40.62097860091436],[-73.83158798714337,40.62203280699264],[-73.83267659706038,40.621863728525156],[-73.83288847088697,40.62222670715013],[-73.83258868618618,40.622681385626414],[-73.83140373147532,40.62240362520296],[-73.8310157246783,40.622776202892624],[-73.83038723126697,40.62239084722791],[-73.83007365663903,40.62304352386523],[-73.83020445003761,40.62339933556705],[-73.82995644707194,40.62370529370599],[-73.82986943301319,40.62339707921179],[-73.82918809223514,40.62420061142045],[-73.8301132480132,40.62382875972229],[-73.83041434354308,40.622632072961665],[-73.8308781662529,40.62286161952269],[-73.8304615157621,40.62407222010211],[-73.83076749837996,40.62368008336626],[-73.83065303587412,40.62326091896433],[-73.83109518037867,40.62292883694058],[-73.83153198708683,40.62287842355771],[-73.83192859029876,40.62319589246789],[-73.83174224483402,40.62287697158628],[-73.83213427171916,40.62317682729222],[-73.83096500894307,40.62457612758126],[-73.8309204100072,40.6248300368425],[-73.83134486557041,40.625006488039695],[-73.83076902736451,40.62530427120688],[-73.83095160908658,40.625527814115564],[-73.83062761781227,40.626177622720775],[-73.83082381413345,40.62681145247805],[-73.83230301496076,40.62707875798389],[-73.83228937353398,40.628133707052136],[-73.83177644033692,40.62817202979967],[-73.83161746228295,40.6287523107192],[-73.83187722233582,40.628881072644695],[-73.83163269210462,40.62852347640775],[-73.83188632030816,40.628177772919855],[-73.8326260505681,40.62826537083665],[-73.83301154481222,40.62791985726104],[-73.83304100907765,40.62826127012803],[-73.83289548956775,40.62890347780042],[-73.83196080768144,40.62965272894677],[-73.83114653238758,40.63284391160377],[-73.83133112864142,40.63361769049508],[-73.83193878472696,40.63423622449591],[-73.83195787786693,40.63497887963323],[-73.83249094435713,40.635578550903],[-73.83340607979218,40.63850135496646],[-73.83221658819181,40.638928489288205],[-73.82866782109745,40.63661471751544],[-73.82808567353278,40.635879725904005],[-73.82547394048214,40.6357950184624],[-73.8244303249705,40.63621652010818],[-73.82413577690072,40.63878799577199],[-73.8245737989033,40.63935387230665],[-73.82419331921297,40.639954071230456],[-73.82337592129355,40.638987654964986]]],[[[-73.85898002979155,40.652675456902855],[-73.85731941515513,40.65123709807521],[-73.85695870291823,40.65058737304167],[-73.85898002979155,40.652675456902855]]],[[[-73.85898002979155,40.652675456902855],[-73.85975533673269,40.65410417525711],[-73.85900715381491,40.653004057439524],[-73.85898002979155,40.652675456902855]]],[[[-73.85975533673269,40.65410417525711],[-73.8604830819699,40.65465892724234],[-73.86098917353912,40.65520976617251],[-73.86085277407568,40.65522692551589],[-73.8607622355312,40.65521212954153],[-73.86045463170865,40.655067106433506],[-73.85979242750736,40.654476156444375],[-73.85975533673269,40.65410417525711]]],[[[-73.83032725337064,40.65513280487065],[-73.83026601851492,40.6554286458521],[-73.82994556435837,40.65542449342026],[-73.83032725337064,40.65513280487065]]],[[[-73.87287195903875,40.785975026871476],[-73.8727740594055,40.78594192052554],[-73.8728092001611,40.785903108166686],[-73.8728535000943,40.78592564967725],[-73.87284047915946,40.78594312194573],[-73.87288496983652,40.78596263228271],[-73.87287195903875,40.785975026871476]]],[[[-73.82049919995312,40.80101146688565],[-73.82040454927237,40.800639499359114],[-73.8198153895802,40.80099199891429],[-73.81740429876716,40.79929901885168],[-73.81367907633194,40.7975457869776],[-73.81369963725258,40.79707941473177],[-73.8134205041585,40.79769301947726],[-73.81349350368555,40.79705837944435],[-73.81305279469937,40.797455017917535],[-73.81288386452474,40.79716656429367],[-73.81254798974678,40.79804706352613],[-73.81225365567182,40.79812694586836],[-73.81179002769257,40.798026330821244],[-73.81182161861156,40.797458675395426],[-73.81160781379997,40.79737240594702],[-73.80636331452575,40.796393604504345],[-73.80623135012371,40.79681747664949],[-73.80633076714668,40.796392739502664],[-73.80588581379813,40.79647488860275],[-73.80539573274982,40.796170820580016],[-73.80467173768784,40.796167468230664],[-73.80463437753285,40.796438088022896],[-73.80464873976847,40.796159195049746],[-73.80434825935404,40.79621409005943],[-73.804273536149,40.7966412603951],[-73.80431138699934,40.79621287522671],[-73.8041221850038,40.796528818773254],[-73.80413644766976,40.79623423024446],[-73.80395823064369,40.79655735808467],[-73.80397418925084,40.796278254986326],[-73.80381716794697,40.79663019230329],[-73.80382294196009,40.796335011907644],[-73.80335153962493,40.79671330208934],[-73.80226038840071,40.796262208422085],[-73.80101126230595,40.79652237365627],[-73.80025662935853,40.7962601483332],[-73.80012080488287,40.79663141177807],[-73.80018235388124,40.79626691276351],[-73.79960548292513,40.79633221967236],[-73.79811108045213,40.79560588763199],[-73.79758295471345,40.79596720122147],[-73.7978701491441,40.79555201221319],[-73.79712783133198,40.795303717491215],[-73.79673567660242,40.79520894198472],[-73.79640953426342,40.79572882326626],[-73.79670587562211,40.795197625018496],[-73.79443085877583,40.79481254241076],[-73.79495077102453,40.79177419970741],[-73.79375126484108,40.78906193240567],[-73.79338033504995,40.789578391687314],[-73.79362007276022,40.78899663681654],[-73.79280669580459,40.788783045312876],[-73.79028202353207,40.790316962466484],[-73.78568101301406,40.79034067072669],[-73.78383842514354,40.79064095373825],[-73.78253080663522,40.791276788498614],[-73.78434153059597,40.7917493528615],[-73.78174708763103,40.7911334057112],[-73.78107845970223,40.79167732084577],[-73.78077503139018,40.79299070440721],[-73.78083949014321,40.79327743923951],[-73.7816601155539,40.79348201937973],[-73.78072435069835,40.79333361789088],[-73.78079182072652,40.79403591893108],[-73.78190385421038,40.79490120296088],[-73.78325876253037,40.79492391386719],[-73.78200326103382,40.794975461570225],[-73.78154150032748,40.79565973638667],[-73.77980305052064,40.79620552800341],[-73.7793624680483,40.79668539160149],[-73.77687050489757,40.79644520325953],[-73.77431437491832,40.79442526040898],[-73.7736324818892,40.792749755281804],[-73.77236296162184,40.79153820269429],[-73.77213292826463,40.79017877340113],[-73.77063124537426,40.78846290510388],[-73.77082315021427,40.78798266612663],[-73.77173756350666,40.78746360797857],[-73.77426836058969,40.786756657721455],[-73.7742301148686,40.78706504074266],[-73.77633728818721,40.78848722482048],[-73.77426466694433,40.78665122821195],[-73.7740763829779,40.785917283085915],[-73.76820055460028,40.77944417825771],[-73.76716193687592,40.77978287472741],[-73.76702392346509,40.780086233225056],[-73.76677570373936,40.7798124577651],[-73.76816173051581,40.77939682030874],[-73.76709113484735,40.77684484017594],[-73.76510436820215,40.77379903778985],[-73.75893512093695,40.768334327582664],[-73.75864264358079,40.76735716910226],[-73.75787030567047,40.766946427518924],[-73.75739020803874,40.767166671425215],[-73.7564108428975,40.766514221834406],[-73.75650494248829,40.766345872654064],[-73.75602210333292,40.766464420276996],[-73.75493674341264,40.76609325120568],[-73.75219261536523,40.7638304175819],[-73.7510743225256,40.76176367040307],[-73.74861225072561,40.76092780214285],[-73.74753513475056,40.759857195254156],[-73.74655981867951,40.75933914675531],[-73.74628904491374,40.759059243884366],[-73.74627700539386,40.757796784475346],[-73.7457601429555,40.75783664388378],[-73.74463599057209,40.756891174934],[-73.74465748646874,40.756558104044196],[-73.74457639642853,40.756907271453244],[-73.74486618338659,40.75720430394581],[-73.74631196705491,40.75805481308962],[-73.74616224371908,40.75902479834379],[-73.74815865904623,40.76072637634706],[-73.74837456439485,40.76155878869761],[-73.74936203349063,40.761844519407134],[-73.74917394462382,40.76137774389476],[-73.75057049365306,40.761915473888386],[-73.75142048789607,40.76276169343357],[-73.7516952345571,40.76365182643553],[-73.75304571090007,40.76481722650193],[-73.75507210849045,40.76753310585418],[-73.75485915829319,40.76840425202522],[-73.75439388269346,40.76875346181544],[-73.75471391687864,40.76879514296433],[-73.75470593716678,40.7697415220135],[-73.75553498728894,40.77098552556117],[-73.75534216255899,40.771022152313144],[-73.75557332649315,40.771529124989485],[-73.75438074757542,40.77204127070897],[-73.75357000906136,40.772694615196095],[-73.7533669199931,40.773207846830196],[-73.75424149999385,40.77526682943198],[-73.75518575394327,40.77649806989699],[-73.75485800671443,40.77689639879196],[-73.75481322893435,40.77761903137236],[-73.75551737581796,40.77770404743096],[-73.75455791105843,40.77777658973102],[-73.75412964083075,40.77938414230435],[-73.75300812549719,40.78086607425522],[-73.75299839296434,40.78128948858886],[-73.75080593613784,40.782893377734815],[-73.72356002286429,40.766128760735135],[-73.72305924172518,40.76614440538096],[-73.72248438411826,40.76552720942264],[-73.70782538631595,40.75621640339121],[-73.70273495703732,40.75325051587674],[-73.70163345892159,40.752493328759755],[-73.701347159168,40.7507805799385],[-73.70002020503291,40.73923654079887],[-73.70147073038119,40.737511560031045],[-73.70766217305993,40.72783093357644],[-73.71828706778552,40.726041110337434],[-73.72567196959442,40.724037658060176],[-73.73032628968096,40.72215729585184],[-73.72917629515445,40.719167213628765],[-73.72689487481324,40.70997857268646],[-73.7267834683389,40.701987123015485],[-73.725630051199,40.6795879498486],[-73.72619806195748,40.67738088879699],[-73.72755616356449,40.67416158725881],[-73.72826385203372,40.668072874699256],[-73.72781751015889,40.66311678255076],[-73.7283307187596,40.66304394279846],[-73.72556769770412,40.6567251421487],[-73.72550259072493,40.65551651463961],[-73.72498470778818,40.65425343447292],[-73.72522608107016,40.652000999214835],[-73.7305145730104,40.65031031107383],[-73.73513501472306,40.649732039534214],[-73.73904482131434,40.64820117941179],[-73.74143706042346,40.64688917738882],[-73.74166141317534,40.64219806124982],[-73.74205084952769,40.6414742035931],[-73.74142279314964,40.64050338982075],[-73.7422738722592,40.640123380518894],[-73.74125900067385,40.638897499005026],[-73.73947121626792,40.635706430896846],[-73.73995957570578,40.635143808440766],[-73.74170882729823,40.63492632150226],[-73.74246642615259,40.63511922731957],[-73.74243638020496,40.63571275417491],[-73.74096487686366,40.63730477409751],[-73.74130372491103,40.637898811985885],[-73.74189040305606,40.638122212607676],[-73.74272966303366,40.63827015504912],[-73.74397128496237,40.637880011682306],[-73.74352226238186,40.63888948544221],[-73.7437342150463,40.63902211673139],[-73.74479558148506,40.63707502814357],[-73.74471275511699,40.63730704596166],[-73.74519496966802,40.63719171137943],[-73.74629219000667,40.636437267049885],[-73.74679074637305,40.63677813461416],[-73.74645394301919,40.63725981994865],[-73.74527138642928,40.63791590031278],[-73.74532770333595,40.638372211037236],[-73.74567316004254,40.63812465649539],[-73.74551058251754,40.637943880100806],[-73.7470230043745,40.636908781910506],[-73.74617061995005,40.64039664832672],[-73.74631467867948,40.641394312248984],[-73.74729153878721,40.64318668548972],[-73.74875121261609,40.64447110241776],[-73.74885047914478,40.64516926918067],[-73.74945274280581,40.64493123356762],[-73.75171302466916,40.64650058983612],[-73.75327090492593,40.647333761586516],[-73.75323328269442,40.647052113753546],[-73.75354191835883,40.647196311386615],[-73.75329210674904,40.64734340178932],[-73.75427809856585,40.647886421648856],[-73.75475592551949,40.64781219796076],[-73.7549276864291,40.64757272010583],[-73.75461208438024,40.64720045802286],[-73.75379289369525,40.64670560325028],[-73.7537377082635,40.646960422645186],[-73.7534018950716,40.646807460276655],[-73.75376146361373,40.64668632172545],[-73.74870701496526,40.64334349140484],[-73.74742095899626,40.64141364275191],[-73.74752877885733,40.63932443382218],[-73.74855478394913,40.6354115586431],[-73.75243758572768,40.63367677931076],[-73.75348397724744,40.63351429014654],[-73.75900955400704,40.63148929594995],[-73.76053159841476,40.63066331625704],[-73.76219407813787,40.63025943202397],[-73.76308789670844,40.62965889756948],[-73.76453002637288,40.629221135424444],[-73.76500891404937,40.62941218214716],[-73.764747750603,40.629163248112306],[-73.76639863095268,40.628350133130034],[-73.76700006115739,40.62752778912801],[-73.76878236333695,40.624322795243145],[-73.76869442937245,40.622665657862825],[-73.76952135023453,40.622118487527146],[-73.76975585630288,40.62110661946026],[-73.77077016754352,40.62003118137758],[-73.77160377183134,40.62034324686723],[-73.77171699447305,40.62096167786552],[-73.7709149994593,40.62240388822301],[-73.77082069707967,40.62328299701238],[-73.77143883664012,40.62328461577246],[-73.7717276028514,40.62358502709787],[-73.77518045935561,40.61926471695238],[-73.77220950703827,40.62300523155455],[-73.77236260162715,40.623147325071756],[-73.7721689786699,40.623055546406114],[-73.77217018334773,40.62335963023664],[-73.77181882771775,40.62349901705053],[-73.77198776448266,40.62359758153215],[-73.77173897581244,40.623605725140926],[-73.77323537240514,40.62499416154443],[-73.77381024409401,40.62492559579842],[-73.77349461614591,40.62514256843843],[-73.77407526415502,40.62578348190764],[-73.77654229887837,40.62765172379642],[-73.77946897687784,40.627315504691495],[-73.78419483297871,40.6208926689778],[-73.78491900312567,40.62047869069204],[-73.78584280107007,40.62046088830269],[-73.78675608135411,40.61973920827807],[-73.7869014098436,40.6192718401578],[-73.78644644502413,40.61761234148949],[-73.78608286946486,40.61736323304516],[-73.78606586985231,40.61668366450597],[-73.78547463952066,40.61566691101994],[-73.78585245783474,40.61446198559418],[-73.79020077676262,40.612935565863445],[-73.79067370859251,40.61194269608123],[-73.7906309241883,40.61029857714809],[-73.79204890183118,40.61062265334368],[-73.79298031675528,40.61017130945882],[-73.79241744956101,40.60870300688256],[-73.79274948626167,40.60864636594569],[-73.79365104095648,40.608985814036686],[-73.79505655097412,40.610488965261844],[-73.797456761957,40.61131820346376],[-73.79898529394339,40.611482456786746],[-73.79917318059513,40.61202624599936],[-73.80025700070239,40.6115972819557],[-73.80080125919478,40.61193390354917],[-73.80023948919157,40.61208195923679],[-73.79993435271604,40.613143869097925],[-73.79931694077332,40.61335821965911],[-73.79968510153105,40.61377747311062],[-73.79903903505596,40.615550541551464],[-73.79854465671526,40.61588959525063],[-73.79816300611753,40.61571608935113],[-73.79806090389158,40.616326915608646],[-73.7972759253773,40.61666041198434],[-73.79724298146628,40.61759376253995],[-73.79678304336663,40.61770472191867],[-73.79700484778851,40.618379943025516],[-73.7963556790424,40.618454683602906],[-73.79618830890921,40.61960985209672],[-73.79559534308268,40.620211012674815],[-73.79554530911446,40.62092979755212],[-73.79501188737636,40.62133074272971],[-73.79523751343393,40.62165715453085],[-73.79444015482298,40.621851572382774],[-73.79469701293509,40.62226136105603],[-73.79456630193826,40.62261586489036],[-73.7935255068216,40.6227710088243],[-73.79142802632143,40.622277657415474],[-73.78967870205896,40.62261481823957],[-73.78346558375235,40.6281181398247],[-73.7826454343561,40.63024796815628],[-73.78377728675008,40.63063411471648],[-73.78434764242147,40.63137331950096],[-73.78570293740455,40.63209498854823],[-73.78690666684496,40.63226189979639],[-73.78949663072326,40.63426977826957],[-73.79076947485196,40.633848724825626],[-73.790792842991,40.63428204227253],[-73.79811872226206,40.631037508328596],[-73.79827615415296,40.631252178433286],[-73.79081111250505,40.63431035457819],[-73.79130877788232,40.634401299722285],[-73.79122898509738,40.634857063137325],[-73.79222318037628,40.63589008734742],[-73.79474387433123,40.63662936646195],[-73.79725742867075,40.63800761282514],[-73.79923711983864,40.63842010877101],[-73.80465930241441,40.64090520856404],[-73.80565939652632,40.64160198219369],[-73.80670200675765,40.64177618374026],[-73.80864568716554,40.642814926947786],[-73.81075749444096,40.643492390323246],[-73.81203333683297,40.644303574113145],[-73.81350685093176,40.64463665289424],[-73.81643071612783,40.6459980047131],[-73.8181923302587,40.64633233415094],[-73.82124797279172,40.64913861515487],[-73.82192156855422,40.65011183395372],[-73.82348381110747,40.655369911786025],[-73.82233688072894,40.659363083337084],[-73.82169139439421,40.660035085810385],[-73.8186953155869,40.66110505012251],[-73.81262125517672,40.66015704896569],[-73.81149882578255,40.660226236908656],[-73.81130119061758,40.660628072929754],[-73.81867184374161,40.662132775995985],[-73.82352151962054,40.66007538932534],[-73.82409166371447,40.65843147968855],[-73.82387951519947,40.6582578074062],[-73.8240862528346,40.65828935391561],[-73.82426410867659,40.65777909175389],[-73.82405929133719,40.65769595308749],[-73.82426776040363,40.65774651070583],[-73.82498070378549,40.65543197025104],[-73.82290717700907,40.64809344507209],[-73.82311296945241,40.64800269465976],[-73.82464845979976,40.649715180035756],[-73.824998465162,40.64937692995027],[-73.82548770814869,40.649892156008846],[-73.82585962093293,40.64947560067182],[-73.82614483059663,40.65008184000996],[-73.82643931961185,40.64923824297369],[-73.8263617473936,40.648333559244804],[-73.82686957464317,40.648799044253494],[-73.8285252272123,40.649130998340546],[-73.83093651353481,40.65162612832319],[-73.83128774471581,40.653478837496586],[-73.83161314793695,40.65374895230356],[-73.82901417557974,40.6561078835198],[-73.82966677652145,40.655599039083675],[-73.83044328071922,40.65551947151183],[-73.83060245974772,40.6548068888449],[-73.83170814411544,40.65393117336424],[-73.8322169851858,40.65446038536034],[-73.83149330103011,40.65497981960709],[-73.83116100809627,40.65591923280451],[-73.83003301456556,40.65656716740344],[-73.82937603410716,40.656506334283236],[-73.82896778740295,40.65720524698742],[-73.8291791973458,40.65779977761162],[-73.83013028740388,40.6584026427885],[-73.8295998690303,40.6586568059827],[-73.83016243281726,40.65980410999353],[-73.82969520083397,40.65865592775882],[-73.83024427039392,40.65834996841547],[-73.82922393902868,40.65770651145127],[-73.82909434825203,40.657334217730615],[-73.82950265119848,40.65664743105063],[-73.8300917256968,40.65673635651597],[-73.83127112568118,40.65600327056202],[-73.83185238479282,40.65488503733432],[-73.83218186068024,40.65489475102211],[-73.83290309524597,40.6574837706904],[-73.83194394578257,40.65617142632079],[-73.83260036370606,40.65782659069463],[-73.83112664421833,40.65831878550837],[-73.83338439472544,40.658051858275336],[-73.83108682901502,40.64909075370527],[-73.83166902767807,40.64797221008506],[-73.83434221467301,40.64809976591531],[-73.83540257287667,40.6483320074478],[-73.8356992783065,40.6486689138268],[-73.83878517503132,40.66108844750211],[-73.83805800948622,40.66200606240637],[-73.83873608555962,40.662454059088404],[-73.8399794997562,40.66190427292956],[-73.83978752612927,40.66048599711534],[-73.83592320073284,40.64549978974235],[-73.84950699084175,40.64413376474617],[-73.85183280737652,40.64586005577998],[-73.85241668556098,40.647388097033726],[-73.85159089132353,40.64909647750951],[-73.8509055246141,40.64916819506775],[-73.85058665633542,40.65033798006233],[-73.84925726840824,40.651031531618266],[-73.84939766406322,40.65143487801774],[-73.84992253316291,40.65165796267106],[-73.85078499726185,40.651532850971655],[-73.85250949612212,40.65055140277921],[-73.85403329487946,40.65066031064218],[-73.85591932944759,40.6513092607334],[-73.85671288972274,40.652801663608976],[-73.85705388347237,40.65296669917286],[-73.85772331773968,40.65272622813902],[-73.85828132383817,40.65299487121918],[-73.85930573554423,40.6549723824516],[-73.86136381950391,40.65641475323262],[-73.86061669329688,40.65646465627427],[-73.86020839501062,40.65701037351383],[-73.8600677781954,40.65677986011687],[-73.85983363521488,40.65697706228781],[-73.86007499798225,40.65704861014734],[-73.85981027609677,40.65732241056103],[-73.8599389727954,40.6577201762177],[-73.8595720481754,40.65803534881914],[-73.85963558669376,40.65845777112381],[-73.86025847890082,40.65862971080639],[-73.86023236327554,40.65889712962735],[-73.86098077540713,40.65838130241065],[-73.86049000450197,40.65899414293371],[-73.86061207311221,40.65932653367249],[-73.86124943398255,40.65872090914596],[-73.8612728030787,40.65826516675209],[-73.86095892095705,40.65806094209027],[-73.85976839588906,40.65828193541308],[-73.86057551685691,40.65783605130106],[-73.86034164704868,40.65724790476531],[-73.86087597607583,40.65690816113741],[-73.8616137116362,40.65699650932012],[-73.8617030126933,40.65802488855078],[-73.86269778299533,40.65761830807972],[-73.86317083340404,40.658276512016194],[-73.8603597820601,40.65964582807951],[-73.85761537251575,40.660118932221955],[-73.85842950857302,40.66345335999917],[-73.85568461221143,40.663867491440236],[-73.85763323174372,40.67165619310612],[-73.86038937918134,40.67126877451171],[-73.86234580535023,40.679164785214105],[-73.86328640844613,40.67907719562832],[-73.86410096679134,40.682372849359844],[-73.8660199322073,40.68191958609521],[-73.86868454370578,40.694034690972764],[-73.86842489778816,40.69471811858231],[-73.86902594299225,40.69513021359687],[-73.87402053306798,40.694191293782744],[-73.879506412209,40.691146767910354],[-73.88377698649366,40.68786340974954],[-73.88452250957425,40.686684748162754],[-73.88808341842545,40.68529363123828],[-73.88962787578852,40.68423645281754],[-73.89015418738836,40.68500398937489],[-73.89252316898266,40.68342453187186],[-73.894174632671,40.68528324774038],[-73.89646625128927,40.68233642154312],[-73.90116155060393,40.687877934422765],[-73.90042465113092,40.68818389794403],[-73.90180467153971,40.69076629783623],[-73.90123290660006,40.691442278207944],[-73.9057959707531,40.69412715407869],[-73.90426018411688,40.69570037051034],[-73.91180820104422,40.69993800219155],[-73.9106788273742,40.70104596813121],[-73.91290404121894,40.702361890866364],[-73.91180710069368,40.70343495159631],[-73.92189184698695,40.7093960957779],[-73.92074853115804,40.710533648025816],[-73.92154601695684,40.7110432826019],[-73.92223466477621,40.71285595342998],[-73.92404011334023,40.71400831169598],[-73.92368352152525,40.71408284047527],[-73.92412241575497,40.715138047512234],[-73.92232970167701,40.71607654423946],[-73.92064258940599,40.71577319109588],[-73.9205690553611,40.71600370740769],[-73.92223761124342,40.716382439561144],[-73.92393867329353,40.71904275585403],[-73.92383575405651,40.72014816314521],[-73.92424364921007,40.72142949782559],[-73.92515446906478,40.72232046272467],[-73.92442298754871,40.723589975053194],[-73.92214330961285,40.72370755608576],[-73.92073356094131,40.72330981183748],[-73.9203706423567,40.723681112888066],[-73.92490316165183,40.72450657473845],[-73.92655663912397,40.72566906435423],[-73.92853805222327,40.72788244900376],[-73.92923485876167,40.72826016482804],[-73.9345317637569,40.72910480560197],[-73.93644563967126,40.72967214466558],[-73.93804478507165,40.73050996691305],[-73.93911054574815,40.73137980559254],[-73.94016538640956,40.73348637341168],[-73.94006709327039,40.73376215204706],[-73.94162472636474,40.735841441405164],[-73.94594095987217,40.7375050756209],[-73.94255612805293,40.73902086481359],[-73.94146173463166,40.73924858269408],[-73.94050888805727,40.740113940820045],[-73.94036159285046,40.74033534472515],[-73.94056144969083,40.74041832200112],[-73.93910874138138,40.742617034243594],[-73.93866991753197,40.74253408109184],[-73.93858786976786,40.74293088175441],[-73.94001922975666,40.743208271277624],[-73.94014858521223,40.74283244052696],[-73.93965301521378,40.74273108616255],[-73.94118816696162,40.74029021736146],[-73.94270608992112,40.7391150620456],[-73.94715087181176,40.73790012241168],[-73.95138071451841,40.73933647636197],[-73.95379878808716,40.7398198643389],[-73.95741470766,40.7395565810785],[-73.96072580373678,40.73808016924611],[-73.96216505619311,40.738272537325926],[-73.96260819750833,40.73879553812351],[-73.9622091649178,40.740006174564996],[-73.96159204782978,40.74000396729854],[-73.96126287410716,40.74032050648442],[-73.96190930217676,40.74086783231081],[-73.96180397489094,40.741097672539134],[-73.96121862852013,40.74110785919709],[-73.96107708539763,40.74169732368477],[-73.96136466867716,40.741835178143994],[-73.96110814501404,40.74182802497482],[-73.96155253168958,40.741993260474096],[-73.96119029789023,40.74264485432661],[-73.96051951418059,40.74349577739445],[-73.95978468552276,40.74349771565088],[-73.95975123850987,40.74390227572476],[-73.96064863700721,40.744130316680966],[-73.95963225023962,40.74393463098102],[-73.9593910660955,40.74428332381075],[-73.96012600962386,40.74444393605838],[-73.95923368945685,40.74431004209339],[-73.95877537004482,40.744555598930326],[-73.9594620474797,40.74466089083894],[-73.95876372515242,40.74459261823082],[-73.95864096676283,40.74494831402186],[-73.95965229755983,40.74521658724039],[-73.95849389303119,40.74498786398315],[-73.95932420250097,40.74554332176357],[-73.95839861481154,40.745719418512266],[-73.95837927151243,40.7459530891602],[-73.9589942716053,40.74606464550206],[-73.95679453290509,40.748839516022514],[-73.95485394268036,40.74804079370787],[-73.95465178220611,40.748232643162346],[-73.95432006769617,40.74810391614878],[-73.95470561241694,40.74801361951932],[-73.95318382492859,40.74773481102784],[-73.95305375571401,40.74808748629617],[-73.95638045449132,40.7490340065785],[-73.95576039140938,40.7495966585971],[-73.95620136801156,40.74968563188805],[-73.95546436936405,40.749674212149515],[-73.95534928514448,40.750013855970835],[-73.95506652560168,40.7496327294423],[-73.95399353526578,40.7517861945859],[-73.95136748557827,40.75452388230412],[-73.94350282032734,40.76449903981064],[-73.94131174941451,40.76691800383643],[-73.93983559283019,40.76798800500577],[-73.9393658722389,40.76815970044382],[-73.93895502453354,40.76795818528387],[-73.93820383486072,40.76872757093074],[-73.93681460654729,40.76890394654521],[-73.93640381736212,40.76947488308111],[-73.93574021432624,40.769367228933355],[-73.93489533894557,40.77004186195631],[-73.93469499066983,40.7704253375919],[-73.935147154026,40.77054195512519],[-73.93500813872225,40.77116239393333],[-73.93448548303905,40.77130652228523],[-73.93495398714988,40.77137294208364],[-73.93443525743179,40.7714623614002],[-73.93746638537078,40.77253149419198],[-73.93781335969511,40.7735628937147],[-73.93765483090813,40.77508568445042],[-73.9363802281754,40.77692145562941],[-73.9350823249215,40.77794423279453],[-73.93390840247865,40.77811712888524],[-73.93178834305208,40.77787060566902],[-73.93104964298944,40.7774418963788],[-73.93062856554165,40.776590901816334],[-73.92988058500087,40.77622163096861],[-73.9286051502335,40.776592674167745],[-73.92631833403904,40.77824177425169],[-73.92423363007518,40.779101192832236],[-73.92295652690136,40.78044100718895],[-73.9220996549944,40.78085187370367],[-73.91909034674545,40.78336764507071],[-73.91717118646432,40.784193483438145],[-73.91683277016423,40.78519139155407],[-73.91575172894564,40.78610757764482],[-73.915260139361,40.78619221570824],[-73.91558710139766,40.78642963023253],[-73.9125998591149,40.78937632870057],[-73.91222952426428,40.78917927853028],[-73.9120797502442,40.789521814056265],[-73.91124959039149,40.789743935369366],[-73.91113056873596,40.79011407516198],[-73.90985862925778,40.79094549284859],[-73.90032629743821,40.7890076618924],[-73.89592962975526,40.78564894338052],[-73.89612632632513,40.785593168378135],[-73.89582914377058,40.78522152645022],[-73.89874897638398,40.78278115483277],[-73.90114577552112,40.78271110515731],[-73.90217815316002,40.781780560930194],[-73.90257929672349,40.78028911990233],[-73.90218303706585,40.78035936621881],[-73.90203565790115,40.78120310102966],[-73.90129127618927,40.7818584183371],[-73.90034960780264,40.78216440959672],[-73.89865437844038,40.78199541938752],[-73.89437777934137,40.78424320255091],[-73.89606377738431,40.783157200871926],[-73.89477429053537,40.782253591560995],[-73.89535750567514,40.78165765620015],[-73.89460091774589,40.78225315804808],[-73.89534447842294,40.781585565378016],[-73.89416469083811,40.78247204550802],[-73.89306090692064,40.78184828877386],[-73.89230750203646,40.782466040640465],[-73.89274917876415,40.78296570575148],[-73.89165459123726,40.78219478059743],[-73.8922419109745,40.78241079812784],[-73.89300986180193,40.78179802262891],[-73.89211148854683,40.781395178275815],[-73.89221792778567,40.78120532344584],[-73.89167103733044,40.780854853340294],[-73.89159164247523,40.780581120357105],[-73.89254018145552,40.779551833338225],[-73.89166859702843,40.77949253847662],[-73.89119589704401,40.77856328695384],[-73.89252259860889,40.77740462805582],[-73.89141605902395,40.776338955301036],[-73.89183244904514,40.77488019895553],[-73.8911204433948,40.777124698802766],[-73.89008729416798,40.777784192673636],[-73.88947105399761,40.775535550034],[-73.89019171520671,40.77364687529175],[-73.88945486903737,40.773532950193946],[-73.88580762286658,40.774022223542175],[-73.8856700766504,40.774433070283635],[-73.88578473697669,40.77402471123129],[-73.8839162796381,40.774132605658345],[-73.88455150532155,40.77436062139892],[-73.88483742391051,40.77495297981242],[-73.8847736190733,40.77533227965326],[-73.88428737712128,40.77547205523278],[-73.88525026986592,40.77861290080919],[-73.88488113731047,40.779987195808005],[-73.8796069243287,40.780850312132],[-73.87870562518874,40.7805859090168],[-73.87930868295156,40.78185365739903],[-73.87885837485595,40.78239817774793],[-73.87970163672256,40.78288281713902],[-73.87883146781743,40.782430713561105],[-73.87833923298064,40.78302591981615],[-73.87515754893369,40.78150944872],[-73.87124856242515,40.786038150321716],[-73.8697808119264,40.78533793239255],[-73.86809912257888,40.78745866088513],[-73.86788407470766,40.78736103576129],[-73.86987007434342,40.785085906134896],[-73.86943751657094,40.78363839888045],[-73.86849782906577,40.78367051757631],[-73.86942344795422,40.78359131398448],[-73.87048029898963,40.782306111381935],[-73.87146292358184,40.78212639980752],[-73.87255732673732,40.78082112060932],[-73.86471066497091,40.77673318532034],[-73.85505106271819,40.77219538905588],[-73.85508635910341,40.77183138734416],[-73.85645807349374,40.77032086026554],[-73.85738091328327,40.7705708062232],[-73.8582051105021,40.770323455543966],[-73.85621267610183,40.76919579682458],[-73.85624565746174,40.768885713265796],[-73.85704790262227,40.76913955501561],[-73.85767800266245,40.76827626445827],[-73.8593751042978,40.76707532800949],[-73.86085535944585,40.76693211715603],[-73.8611027715228,40.7672719415966],[-73.86131386166113,40.76694063081056],[-73.86275490196975,40.76676452399262],[-73.859490724674,40.76256261446671],[-73.85892056312613,40.76240640025201],[-73.85892298182519,40.76212234558835],[-73.85864510487953,40.76251439497587],[-73.85884371506147,40.76205876634857],[-73.85861915281872,40.76193559606576],[-73.85765473616229,40.76307982241796],[-73.85850081255259,40.76337643265188],[-73.85834319308874,40.763562560527376],[-73.85763896602012,40.76309944770144],[-73.85696355939805,40.7640744269299],[-73.8566748236235,40.76393018739297],[-73.85758285470705,40.763072899693405],[-73.85658675388773,40.76272283918107],[-73.85678236963491,40.76250827647341],[-73.85760424037188,40.763053280855814],[-73.8581763107053,40.76239629329068],[-73.8566119581333,40.761649541826145],[-73.85819433132532,40.76237410705139],[-73.85858526284446,40.76191700766375],[-73.8562732064007,40.76090240749717],[-73.85522306397418,40.76081694957882],[-73.8553345459402,40.76065815395629],[-73.85466366458898,40.76017116862894],[-73.85372403934954,40.76024638770165],[-73.85158552901186,40.75935541972381],[-73.85069053065463,40.75944879015724],[-73.84930110814338,40.760242874416825],[-73.84987484496149,40.761103812015264],[-73.85207200177848,40.76039288373895],[-73.84981162475142,40.761270973074986],[-73.8491666240604,40.76029658385723],[-73.84858834617653,40.760179562155095],[-73.84359361316301,40.763370541855195],[-73.84368787664125,40.763612725150516],[-73.84306961269657,40.76359256822056],[-73.84304240810832,40.764321318987086],[-73.84272819396485,40.76462854799853],[-73.84052635479269,40.7653879892695],[-73.83957826853545,40.76525232203984],[-73.8391318926342,40.76599110463518],[-73.83969772549086,40.766392676112204],[-73.83959072609815,40.76711082378582],[-73.8399392217747,40.767064276214185],[-73.84031170315286,40.766294796965205],[-73.84448895884205,40.76545960165077],[-73.84620024037952,40.766196342233215],[-73.84723067976155,40.76631315716253],[-73.84780575104428,40.76677294723849],[-73.84856697139043,40.768090906265876],[-73.8483013819906,40.76843043967524],[-73.84901287079069,40.76921530341808],[-73.84860101425129,40.76981782495473],[-73.84872999189102,40.769989540846005],[-73.84950427178487,40.769510222949066],[-73.84977407793214,40.769936012009765],[-73.84872671824336,40.7701061881556],[-73.84867152868851,40.7707615719693],[-73.84994241882978,40.77192719232667],[-73.85130108374476,40.77180635986443],[-73.84995162517308,40.77195829794384],[-73.85004065546363,40.77222459962171],[-73.848976198672,40.77356166702375],[-73.84921678107072,40.774639581192886],[-73.84893873474763,40.77556035754747],[-73.84896802544695,40.77802221175834],[-73.84974741420471,40.77841405307284],[-73.84946904846167,40.77866378227848],[-73.84993353296176,40.778769122447734],[-73.84963968933047,40.779483274243496],[-73.85148755480321,40.778992977684304],[-73.84981720066008,40.779630347120936],[-73.85235267881299,40.779480671900096],[-73.85235661936252,40.779169329589074],[-73.85238832778408,40.77952890145369],[-73.84982102259755,40.77965133837067],[-73.84956325207466,40.779879081233865],[-73.85169028085433,40.77986750754493],[-73.84949381208315,40.780065827180955],[-73.84988932081794,40.78108913386517],[-73.8509364639654,40.78111957422275],[-73.84988728063752,40.781121510383606],[-73.84983660014282,40.78159962398301],[-73.84918709418467,40.78164181061626],[-73.84954774265996,40.78184107740946],[-73.84924675980245,40.78225636438839],[-73.85028520882398,40.78245944924321],[-73.85528242786593,40.781975383416665],[-73.85545062834923,40.78314307820508],[-73.85645206661759,40.78332298988283],[-73.85664951090608,40.78289231834317],[-73.85684129014672,40.783371362551904],[-73.85808318103322,40.78372407790839],[-73.85797685542535,40.78467816363484],[-73.85852698593597,40.78522893824127],[-73.85899156050905,40.78520416820918],[-73.85909500008366,40.78543874791821],[-73.85903628973838,40.78509272184625],[-73.8591104979867,40.785442583765125],[-73.85952909197245,40.785530559600765],[-73.85899048937264,40.78549159850299],[-73.8591246122372,40.78585015872997],[-73.85858840508558,40.78614813922059],[-73.85868283350078,40.78653116554197],[-73.85812817158505,40.78705156012498],[-73.85681133765485,40.78667261276389],[-73.85595868913042,40.78767517784047],[-73.8534518446134,40.78782611136556],[-73.85284230133873,40.788211370806636],[-73.85438364788584,40.78832012782973],[-73.8548008362412,40.78860762564241],[-73.8544719407123,40.790258974386276],[-73.85265359064718,40.791122316657784],[-73.85376989890605,40.79233577797354],[-73.85368561848581,40.79401839314847],[-73.85276627198394,40.79438924689598],[-73.85263098256246,40.794944853311385],[-73.85159077157239,40.79408653064714],[-73.84906160835088,40.79336260936517],[-73.84884894723113,40.793501684725],[-73.84907814795727,40.79414538354748],[-73.84870999361341,40.79541648035654],[-73.84624420656033,40.79616309450382],[-73.84557802709027,40.79602089475723],[-73.84459915044435,40.79491154894185],[-73.84354668938991,40.79491394307718],[-73.8433063238692,40.79550093255557],[-73.8428486532239,40.79521340073839],[-73.84328497194205,40.796174391751705],[-73.84280875241225,40.79541822147977],[-73.84225959368347,40.79558496800402],[-73.84286675259371,40.7969222281386],[-73.8421674734114,40.79561293923027],[-73.8415872117441,40.79540106828788],[-73.84129943545976,40.79621966839669],[-73.8401393036446,40.79687918690279],[-73.84041517975837,40.797678436325405],[-73.83920948324106,40.797844313420626],[-73.83789967503603,40.79850897025327],[-73.83919004727188,40.7977772655143],[-73.84025860809137,40.79758885749883],[-73.83997099590049,40.79690564095891],[-73.83903676812281,40.797052476147456],[-73.83840083077962,40.79675525737351],[-73.8370649888027,40.79385109749288],[-73.83653187324708,40.79174343147241],[-73.83742329381245,40.791392836984336],[-73.83764565993727,40.79103555214376],[-73.8375035888359,40.79046165979215],[-73.83681814957045,40.79046990542647],[-73.8374819140324,40.79043449698845],[-73.83728049134785,40.789009871488716],[-73.83713432989524,40.78956403208097],[-73.83565808161079,40.789572670047754],[-73.83533150242087,40.78921274178356],[-73.83413566521284,40.78906613561811],[-73.83381316764702,40.78852267705755],[-73.83292937171421,40.788518113269866],[-73.831437671014,40.78917835055517],[-73.83195118463732,40.789414771198885],[-73.83214914505989,40.790043439632676],[-73.83137353382793,40.791368943728685],[-73.82977794576155,40.791617244868384],[-73.82836657648605,40.792395418624054],[-73.82922857533946,40.79301933947751],[-73.82829155299561,40.79251424502733],[-73.8279293222746,40.79287850652182],[-73.82801372355918,40.79493240783665],[-73.82945991534365,40.79682336665814],[-73.82905864191756,40.79656211320095],[-73.82741768831198,40.7967890178956],[-73.82697091510654,40.79712827675626],[-73.82717365601191,40.797622200382904],[-73.82673856166687,40.797796244519624],[-73.82614856928555,40.797415984069715],[-73.82506496699438,40.79737577563486],[-73.82403593250719,40.798079661783454],[-73.82402784484823,40.798361182275386],[-73.82385948384706,40.79815413417131],[-73.82343323450806,40.79840651347451],[-73.82367983693862,40.79876994556618],[-73.82325371060102,40.79846953523501],[-73.82330552497581,40.79896286518718],[-73.82289590533948,40.798693588610995],[-73.8225405641931,40.7989572764396],[-73.82277727882831,40.79932022044566],[-73.82251916455884,40.798987734755904],[-73.82262174556764,40.799407807138834],[-73.82238754736628,40.79911289064026],[-73.82161789179177,40.799991986759395],[-73.82043245966645,40.800627863487726],[-73.82052810788423,40.80100602293473],[-73.82049919995312,40.80101146688565]]]]}},{"type":"Feature","properties":{"boroname":"Manhattan"},"geometry":{"type":"MultiPolygon","coordinates":[[[[-74.01092841268031,40.68449147161017],[-74.0119325991106,40.68388774822218],[-74.01217596614636,40.68409518469571],[-74.00835446532174,40.686400199317895],[-74.0081641459391,40.68617471622868],[-74.00860072436832,40.68590956372201],[-74.01092841268031,40.68449147161017]]],[[[-74.00500373315074,40.68760598446805],[-74.005629863304,40.68678420511083],[-74.00783293766683,40.687385054229935],[-74.00742012154096,40.68820628950311],[-74.00500373315074,40.68760598446805]]],[[[-74.00382038919733,40.68892964376649],[-74.00459270521772,40.688215222053785],[-74.0067843843981,40.688826879025456],[-74.00636461225267,40.68966966770415],[-74.00382038919733,40.68892964376649]]],[[[-74.00297565436564,40.69042657498789],[-74.00340921624522,40.689613260227304],[-74.00575900670344,40.69023639908336],[-74.00534209624915,40.69109160204504],[-74.00297565436564,40.69042657498789]]],[[[-74.04387761573952,40.69018767544384],[-74.0435059601254,40.689687358703544],[-74.04270428426766,40.6901552037115],[-74.04255372037308,40.68996275835679],[-74.04346752310265,40.68963698917065],[-74.04364078627412,40.68876655863734],[-74.04438521711256,40.688516177470134],[-74.04627538937642,40.6893274249642],[-74.04680284898575,40.68995325533321],[-74.04747651462344,40.689611369065474],[-74.04772962697038,40.689915317533476],[-74.04689205500591,40.690059097389806],[-74.04720029366251,40.690424814690935],[-74.04707269644432,40.69103806348597],[-74.04599418395532,40.691104954761904],[-74.04460616482923,40.69057348401798],[-74.04387761573952,40.69018767544384]]],[[[-74.00132562399813,40.69146309939924],[-74.00069905841879,40.69061185748622],[-74.00479415294552,40.691761619441564],[-74.00440941259976,40.692528799456475],[-74.00196938526081,40.69184320738468],[-74.00132562399813,40.69146309939924]]],[[[-74.0167475609607,40.69334336728477],[-74.01540359141649,40.69306649637628],[-74.01517482202625,40.6932566794026],[-74.01525951035646,40.693036813299045],[-74.01512878294328,40.693243794901555],[-74.01494315033483,40.693141020997984],[-74.01515612159491,40.693015513958805],[-74.01422123084906,40.69282290541122],[-74.01343563360808,40.692115441116684],[-74.01229731492555,40.692568253902266],[-74.01181185647236,40.692479334131534],[-74.0119030972256,40.692090582575034],[-74.01333264149608,40.692019969169536],[-74.01260856859405,40.69136410369693],[-74.01203417616576,40.69150307575285],[-74.01259753152569,40.69133433461167],[-74.01252783209975,40.691146336405126],[-74.01182575354973,40.691064815283326],[-74.01219500090085,40.691028846635994],[-74.01198056761248,40.690606406338965],[-74.012231311469,40.6904613298423],[-74.01230688304491,40.689280182004744],[-74.01316926402762,40.68815477027036],[-74.0148809797501,40.687254569555726],[-74.01604730539523,40.687338005364914],[-74.0170498660923,40.68687598698621],[-74.01664664084757,40.68641634630052],[-74.01514391021995,40.686437033110195],[-74.01667351529993,40.686305167620674],[-74.01753032434098,40.68536298699966],[-74.01678113957146,40.686349036986385],[-74.01712099101073,40.686843336703745],[-74.02054367293081,40.68527206699316],[-74.02020686710532,40.68483383214428],[-74.01939842391928,40.6850874031144],[-74.02095255010296,40.684384430714395],[-74.02027819846491,40.684809134241696],[-74.02061267235813,40.68524038926524],[-74.02259359581042,40.684359695017136],[-74.02213250186881,40.683767671452436],[-74.02305574749595,40.68291694451235],[-74.0223682355767,40.68377991586118],[-74.0227589902996,40.68428444739947],[-74.02464809241233,40.68397856568025],[-74.02567183758212,40.68423645527227],[-74.02633404242411,40.68480169679137],[-74.02662819083865,40.685526803816856],[-74.02642577243205,40.6861753388968],[-74.02020527434277,40.69203392292138],[-74.01973308197168,40.693114106560536],[-74.01735898628607,40.69330586932662],[-74.0167475609607,40.69334336728477]]],[[[-74.00154172920257,40.69278596231988],[-74.00174362045013,40.692406748772655],[-74.00400795971098,40.69320819869954],[-74.00374561906433,40.69361620204826],[-74.00345348490625,40.69405162973851],[-74.00127014902641,40.69329606074091],[-74.00154172920257,40.69278596231988]]],[[[-74.00078295275675,40.694286514731765],[-74.0009586841699,40.69406908264937],[-74.00301393829082,40.694777843546305],[-74.00263556890174,40.695362036104726],[-74.00239802583795,40.695711653931646],[-74.00026872377788,40.69496580164506],[-74.00070104745139,40.69438785540938],[-74.00078295275675,40.694286514731765]]],[[[-74.00043147340433,40.6970524652457],[-73.99940738376925,40.69688518851318],[-73.99952373903514,40.696574825108],[-74.00048933405957,40.69692619415521],[-74.00043147340433,40.6970524652457]]],[[[-73.99837760685773,40.69806329521324],[-73.99887117097657,40.69715757636298],[-74.00104903057525,40.69790823576454],[-74.00048768562517,40.698757776701676],[-73.99837760685773,40.69806329521324]]],[[[-73.99799957540132,40.69879768461143],[-73.99802102725111,40.69876173564092],[-74.0000184043362,40.699466047140774],[-73.99947463838926,40.700322777085454],[-73.9974989831,40.69963886838838],[-73.99799957540132,40.69879768461143]]],[[[-74.03995040788514,40.700890629709846],[-74.03771124796636,40.69934403941489],[-74.03809786214774,40.69903950431135],[-74.03822954445391,40.698368590764844],[-74.03934037670152,40.69811551390312],[-74.0412426183222,40.69953674050199],[-74.04174768868015,40.69914786263379],[-74.03991248872623,40.69770203946556],[-74.0416605191484,40.69645297070691],[-74.04367371230778,40.69802040339723],[-74.04270395810723,40.698800599653815],[-74.04296505227546,40.69899936139189],[-74.0410986123707,40.70049294245678],[-74.04080080646241,40.70026854899364],[-74.04031250907492,40.70062574825956],[-74.04053637732214,40.70078209384214],[-74.04028808737911,40.700643612534485],[-74.03995040788514,40.700890629709846]]],[[[-73.99538448382651,40.702643009132956],[-73.99669768997464,40.70087697598418],[-73.99813879899455,40.701518787315514],[-73.99619227228733,40.703377139931256],[-73.99513826840686,40.70297411378996],[-73.99526015117384,40.70281020810327],[-73.99538448382651,40.702643009132956]]],[[[-73.99502134649177,40.70314786831385],[-73.99504592748325,40.70313183886668],[-73.9954456431207,40.70327530453888],[-73.99529346700933,40.7035540649651],[-73.99498203312824,40.70338171460229],[-73.99480038274869,40.70329195720911],[-73.99502134649177,40.70314786831385]]],[[[-73.99476934191566,40.703952894020674],[-73.99488239902435,40.703788024904526],[-73.99491043069519,40.70379731502587],[-73.9949296460925,40.70377131415089],[-73.99502925916445,40.70380819993511],[-73.99488204726408,40.70400865296228],[-73.99483637435264,40.703986338148106],[-73.99476934191566,40.703952894020674]]],[[[-73.98237340505966,40.705543349504644],[-73.98245898641551,40.7055424140395],[-73.98242287179863,40.705822055021635],[-73.98102390618278,40.70589891296065],[-73.98101733900945,40.70579750553485],[-73.98230205183879,40.70573697846675],[-73.98232944150563,40.705552032731035],[-73.98237340505966,40.705543349504644]]],[[[-73.96715101172607,40.71831612499948],[-73.96656241897495,40.71801586587329],[-73.96730741474416,40.718313065748625],[-73.96709096267308,40.71840576587534],[-73.96715101172607,40.71831612499948]]],[[[-73.96636503305282,40.7190563298512],[-73.96585847175176,40.71877322741352],[-73.96662993360908,40.71913242692794],[-73.96631897740721,40.719108419075354],[-73.96636503305282,40.7190563298512]]],[[[-73.96435090640152,40.72040403143894],[-73.96439765915947,40.72029673409623],[-73.96468283641279,40.72047045642698],[-73.96459313964766,40.72054484327857],[-73.96435090640152,40.72040403143894]]],[[[-73.96399793724463,40.72093843713977],[-73.96408769147868,40.72075552858929],[-73.96504914549368,40.72135734331881],[-73.96489422031908,40.72147511994907],[-73.96399793724463,40.72093843713977]]],[[[-73.96236596889439,40.72420906068125],[-73.96200744799013,40.723991900674804],[-73.96207271943885,40.72388029946996],[-73.96246790011057,40.72413157866828],[-73.96247195112905,40.724174988340515],[-73.96244340911427,40.724199784548354],[-73.96239043044633,40.72419356625378],[-73.96236596889439,40.72420906068125]]],[[[-73.96230391870556,40.73311366004917],[-73.96226340423296,40.73291555069048],[-73.9640932101716,40.73293196050931],[-73.9623563368034,40.73310800927167],[-73.96230391870556,40.73311366004917]]],[[[-73.96124698011518,40.740423596182275],[-73.96126287410716,40.74032050648442],[-73.96145013844342,40.74033783374734],[-73.96164163979047,40.74035611199137],[-73.9616298256384,40.740458928524454],[-73.96129339923257,40.74043279843491],[-73.9612468228547,40.740424730785335],[-73.96124698011518,40.740423596182275]]],[[[-73.96421230395677,40.74660431754356],[-73.96458318426947,40.74645439974025],[-73.9641598028843,40.746865546426484],[-73.96421192462766,40.746666675869896],[-73.96421230395677,40.74660431754356]]],[[[-73.94180032729426,40.769046925691505],[-73.94285528620705,40.76830349347611],[-73.9494317549711,40.76054861642803],[-73.95177822025997,40.758402548943806],[-73.95322009963134,40.7564268413871],[-73.95791452493187,40.75210985359219],[-73.96090826556548,40.74979919482236],[-73.96153855464473,40.74972311890738],[-73.95901616627478,40.753595059024256],[-73.95339140733955,40.75979676142455],[-73.95208632266551,40.76086215347167],[-73.95093734928088,40.76257049430464],[-73.94908628791565,40.76426402634175],[-73.94556302048748,40.76880177509392],[-73.94524510341354,40.768773267377185],[-73.94472478497455,40.769786270601635],[-73.94212674646828,40.7720346995762],[-73.94088707211671,40.772372514842786],[-73.94017959804104,40.77295931466117],[-73.94027985829325,40.77067071007656],[-73.94125975382602,40.769308878459455],[-73.94180032729426,40.769046925691505]]],[[[-73.93804640603439,40.78082954334227],[-73.93764631821483,40.7810012149596],[-73.93759894622623,40.78046783992821],[-73.93861200821947,40.7803389549357],[-73.93958378972476,40.779576473073895],[-73.93872802926596,40.780510742771355],[-73.93874423089275,40.78104387510898],[-73.93808213268714,40.781418436843936],[-73.93806723089885,40.780944702267405],[-73.93804640603439,40.78082954334227]]],[[[-73.9213375241928,40.80085210656884],[-73.9203146552123,40.79937545835664],[-73.91662985247801,40.797858138503756],[-73.91545470966419,40.79706346509762],[-73.91443827233314,40.79566551693052],[-73.91380428276814,40.79451184552257],[-73.91378385370594,40.79383628454877],[-73.91514134426109,40.792012482061565],[-73.9168654058489,40.790362062530875],[-73.9171062231295,40.79046861580347],[-73.91856299774986,40.78969533289263],[-73.91850876959093,40.789425088836104],[-73.92219098057298,40.78551067064054],[-73.92285203280153,40.78355569248441],[-73.92448052280425,40.78232048971256],[-73.92571808678534,40.7821765570113],[-73.92732422574863,40.781090628391],[-73.92810118987339,40.78092031910887],[-73.93105352807888,40.782396592633305],[-73.93502345134512,40.78300638109555],[-73.93607064617002,40.784217214687],[-73.93571265997697,40.785680488559244],[-73.93240145513691,40.78972028923685],[-73.93084178739281,40.790991429068235],[-73.92972400781915,40.791366177409714],[-73.9280727357566,40.79082339034972],[-73.92610410186641,40.7907316066866],[-73.9261594224972,40.79171538856395],[-73.92656766339974,40.791858133848464],[-73.9255872987962,40.791820829973624],[-73.92673798846978,40.79192842185847],[-73.92636742573431,40.79166138840681],[-73.92648803030963,40.7910223233675],[-73.92786889241084,40.7909548377011],[-73.9271356372808,40.791929305669804],[-73.92826720296155,40.79232852301487],[-73.9283227160924,40.793101988206885],[-73.92693614719772,40.79549706123747],[-73.92711806944754,40.79720386080477],[-73.92770694127067,40.797298662948776],[-73.92720299704214,40.79738674686605],[-73.92747588603496,40.79812289873158],[-73.92669572629558,40.800146976219104],[-73.92724770789282,40.80039295643561],[-73.9271146423064,40.80056375529619],[-73.92666565480394,40.80018271310243],[-73.9265524180848,40.80060482415892],[-73.92704640297907,40.80065174209794],[-73.92688606022001,40.80084064743555],[-73.92650954867304,40.80065703059118],[-73.9254929349305,40.801956167717314],[-73.92263378594897,40.801868737207705],[-73.92191092229572,40.80150266532018],[-73.9213375241928,40.80085210656884]]],[[[-73.92640556921116,40.87762147560363],[-73.92619292267655,40.87706441848067],[-73.92457036990585,40.87742891173762],[-73.92329476733926,40.877264434526076],[-73.92239768169318,40.876780222207486],[-73.92261383040436,40.87440727116825],[-73.9221767728846,40.8736750640757],[-73.92125541079862,40.873082447891335],[-73.92055602106612,40.8729987730294],[-73.91979301672357,40.87360651172671],[-73.92080255630356,40.87419405793297],[-73.92118186508976,40.875137839916945],[-73.92087559199669,40.87546394908953],[-73.91886187407478,40.87464258485668],[-73.91929467786811,40.873649889420214],[-73.91849995662199,40.87319171467015],[-73.91859729866316,40.87349549639141],[-73.9175772988473,40.874548677613504],[-73.91787144917505,40.87390499435496],[-73.91568463084471,40.874527617171395],[-73.91250279259327,40.873719411436575],[-73.91117450708145,40.8729846949053],[-73.91042644048507,40.87148543712837],[-73.91092491224232,40.86943659042046],[-73.91147448899112,40.869454756704656],[-73.91107553160974,40.869043225306655],[-73.9127317391952,40.866605211777646],[-73.91254775130281,40.86651494207066],[-73.9139186313324,40.86474558346993],[-73.91492387927869,40.864580377985476],[-73.91441113392617,40.864173626441904],[-73.91508583854333,40.86444814248364],[-73.9158991164586,40.86430803664885],[-73.91519574800093,40.86394522380222],[-73.91538673051141,40.86308438326707],[-73.91729467741682,40.861679417297],[-73.91943853541449,40.858855420410386],[-73.92047868273166,40.85910409116521],[-73.92127091296314,40.86018804188306],[-73.92159014848228,40.86007279909327],[-73.92186633783652,40.85918133921615],[-73.92125580136796,40.85884655259341],[-73.92093869016952,40.85812067352788],[-73.92036477249768,40.85816493616553],[-73.92077315152538,40.8579411849243],[-73.92070610816093,40.85770101316831],[-73.92101432159713,40.857838802246924],[-73.9207553213051,40.8575571582121],[-73.92151967268634,40.85734890544642],[-73.92237695742354,40.85658356869123],[-73.92234459374129,40.85568233488126],[-73.92169841904696,40.856672300921346],[-73.92151894059089,40.85660116968959],[-73.92971850477537,40.845231777330184],[-73.93089465201425,40.84253833920836],[-73.9349153357865,40.83523082100527],[-73.93515659173336,40.83268240580632],[-73.93383009163675,40.81971974249621],[-73.93386510261902,40.81415315702221],[-73.93433864584739,40.80956221289796],[-73.93356119311481,40.80760067645328],[-73.93030876458722,40.80378601493731],[-73.9290349024031,40.80108090291853],[-73.92903640179625,40.79676259316794],[-73.92927936741172,40.79585313858727],[-73.93019664392844,40.794593223921474],[-73.93348475349629,40.792774283898716],[-73.9358310678891,40.791094703936906],[-73.93708104382303,40.78936639477668],[-73.93612689279686,40.78892686705212],[-73.93714965461105,40.78916844812616],[-73.93811570089728,40.787184761823085],[-73.93982619696459,40.785256551482185],[-73.94323985739753,40.78332785076107],[-73.94364823539011,40.7826561604],[-73.94387075988708,40.78127302563833],[-73.94321386265223,40.77931758772674],[-73.94300423950467,40.77963949454092],[-73.94271600545089,40.77954416854287],[-73.94253556320855,40.77909095512919],[-73.94289340818793,40.77861409231286],[-73.94207418803877,40.77691784604385],[-73.94200266722274,40.77618531644948],[-73.94293043781398,40.7746762671026],[-73.94866416477883,40.768857623466246],[-73.95441826078604,40.7621841040179],[-73.95918103219992,40.75785611011908],[-73.97094062960419,40.74447144309231],[-73.97111438123977,40.74420435999938],[-73.97070317531666,40.743990494478254],[-73.97117346753143,40.74410753457773],[-73.97135752941868,40.743838454426374],[-73.97108533439574,40.74366405741209],[-73.97188888913044,40.742724819422435],[-73.97221685422328,40.74030762412847],[-73.97265743803038,40.73922275334391],[-73.97248994174741,40.73580327917457],[-73.97441385816532,40.736414392925916],[-73.97402692104305,40.73612576631246],[-73.97446647047286,40.73627845589686],[-73.97414062018372,40.73595565623427],[-73.97451459772599,40.735894597478186],[-73.97424982468374,40.73579718108695],[-73.97446537767372,40.735666885130655],[-73.97305698712047,40.735177452482496],[-73.97293031926458,40.735607613463635],[-73.97276308380353,40.73550508654053],[-73.9729452075868,40.73506516913808],[-73.97329895046138,40.735242354144056],[-73.97354472883961,40.73494432516842],[-73.97444065082591,40.7353167709675],[-73.97395905029711,40.73342116460543],[-73.9736762757606,40.733205932955016],[-73.97386810776207,40.73306568626259],[-73.97341321730858,40.731282415495635],[-73.97147994907206,40.7292495767654],[-73.97168514866583,40.72740588570353],[-73.97149039092832,40.72735009717692],[-73.97351345120518,40.71877484377364],[-73.97489346106218,40.71515228104312],[-73.97671221539667,40.711535764245454],[-73.97799674790384,40.7105610164587],[-73.98128647552556,40.710218346948714],[-73.98124579569945,40.70982621366832],[-73.98839064023267,40.70912694822973],[-73.98879717785803,40.7099666065393],[-73.99808351186999,40.708509614434234],[-74.0011868526283,40.706859824838865],[-74.00098276691733,40.70641671206003],[-74.00140666691954,40.70617938708776],[-74.0005829704798,40.705433932716005],[-74.00143661179402,40.704872176772355],[-74.00256965059467,40.70552357859062],[-74.00197070397948,40.704737867554314],[-74.00243071075865,40.704677857071474],[-74.00332307270787,40.70562859428716],[-74.00363187169326,40.70542980581885],[-74.0029724647529,40.70476649150968],[-74.00364446183868,40.70542168370593],[-74.00459003883674,40.704787752012116],[-74.00349632042325,40.7037967683348],[-74.00371987043039,40.70365448101179],[-74.00480628900745,40.70464206811828],[-74.00518805067325,40.70442053475771],[-74.00492580498366,40.70421180745178],[-74.00535027224755,40.704310079028645],[-74.00415742154166,40.70323163115435],[-74.004272587521,40.70301566547861],[-74.00566330640657,40.70410424354533],[-74.00659591913875,40.70368590151898],[-74.0053041259608,40.70255986470014],[-74.00549427805105,40.702431381022684],[-74.0067850219105,40.70356812697237],[-74.00930907655483,40.70195460208967],[-74.00869964313567,40.70113986660936],[-74.0077554915064,40.701548000738924],[-74.0075913620422,40.70132808011525],[-74.00853611510776,40.700919694812185],[-74.008349275591,40.70066934745534],[-74.00862036163875,40.700552163282985],[-74.00960052263288,40.70186548098497],[-74.01116664151888,40.70147720127545],[-74.01081530667376,40.70020044367088],[-74.01115033556839,40.700898399168054],[-74.0113340941042,40.70056835274939],[-74.01172926817476,40.7007701171268],[-74.01163147918649,40.700458217315244],[-74.01208668214693,40.70068130780631],[-74.01196196116918,40.70003754466258],[-74.01239160032284,40.70062052716114],[-74.01261382087365,40.70010826487822],[-74.01310747847371,40.70050745124777],[-74.01311303826314,40.69977416495238],[-74.01327349483086,40.70049686929491],[-74.01367479314794,40.700125820517954],[-74.01355826959488,40.70093986989765],[-74.01395152756511,40.7009909815271],[-74.01422063195506,40.70011149093543],[-74.01428920741134,40.700644143832186],[-74.01467119992019,40.70021040076681],[-74.01432384363015,40.70066130319423],[-74.01464323234912,40.70081730339223],[-74.01506818269306,40.700318256622076],[-74.014673656285,40.700834608598115],[-74.01514231812101,40.70084289142138],[-74.01714508062659,40.70270534904328],[-74.01764797506856,40.70349459894663],[-74.01757035640019,40.70418388005368],[-74.01779454520306,40.704234897168476],[-74.01781758697946,40.703937921563664],[-74.01784441106726,40.704242039005024],[-74.01844742686767,40.70416230404496],[-74.01866784676697,40.7044352771218],[-74.017480904833,40.70466725992494],[-74.01888747947997,40.70472914187135],[-74.01934254624487,40.70609367209676],[-74.01912275963412,40.70697581340453],[-74.01863058372699,40.707139714336364],[-74.01884889814508,40.70697031141732],[-74.0185351326967,40.70691832108118],[-74.01819029259647,40.70782162517701],[-74.01885500911968,40.708047533514495],[-74.01777014254505,40.71283457385621],[-74.01780037888393,40.71234512322562],[-74.01662424425291,40.71215731806238],[-74.01632006627581,40.71340798154534],[-74.01754443334657,40.7136112217313],[-74.01772496219294,40.71307018068979],[-74.01671018605823,40.71862417512504],[-74.01321322719193,40.71831571896281],[-74.01306805492317,40.71892219289253],[-74.0129144874633,40.719708292292346],[-74.01344694115663,40.719782019858364],[-74.01338906903446,40.720042606340236],[-74.01452415856504,40.720187396512735],[-74.0145227899002,40.720532049394855],[-74.01296558526826,40.720328674654176],[-74.01286909071982,40.7208337512788],[-74.01323937337021,40.72088798579512],[-74.01315895020875,40.721253259850535],[-74.01308010145638,40.72154580626227],[-74.01253875807262,40.72150317564339],[-74.01165326569942,40.72587176091836],[-74.01520426531143,40.72636194844659],[-74.01512356549463,40.726793941631534],[-74.01154201897604,40.72644734599409],[-74.01138323604756,40.72822927143416],[-74.01439069932388,40.728463046587116],[-74.01403796924798,40.73069421791087],[-74.01116195696476,40.73045067541604],[-74.01094127374132,40.73302031240826],[-74.01400220214606,40.73306800086244],[-74.01399957240966,40.73333227658469],[-74.01073424450209,40.73344258700495],[-74.01083284563221,40.73400709358054],[-74.01201792010474,40.734063743523286],[-74.01200124222403,40.73433840073573],[-74.01081359479109,40.73428344271454],[-74.0104765981442,40.73806393966199],[-74.01108706635948,40.738092749148215],[-74.01113915602562,40.73838986187999],[-74.01045432864609,40.73836450529509],[-74.01039303134553,40.73917429512612],[-74.01158045502315,40.739264535178954],[-74.01152745020416,40.739873770516816],[-74.01236917400034,40.73975164543908],[-74.0123100121277,40.74019475527099],[-74.01151491736535,40.73997286276572],[-74.0114607395534,40.74058421381943],[-74.01265928208491,40.740747637564375],[-74.00949154621283,40.74074270850672],[-74.00941140266131,40.7411540923798],[-74.01216232909218,40.74149188874954],[-74.01211745872139,40.7417585152785],[-74.00951947145009,40.7414903012655],[-74.009091568462,40.74288614864188],[-74.00962015348921,40.742951247959255],[-74.00958464345703,40.74326351954997],[-74.01214813183593,40.74355930061445],[-74.01202085006399,40.74393976927574],[-74.00951201767367,40.74367609282719],[-74.00943800870871,40.74397125504255],[-74.00890032962842,40.74391792616293],[-74.00872986359421,40.74488153689656],[-74.00961227924414,40.744997902217456],[-74.00955832929749,40.7452888243656],[-74.00991660813456,40.745327254073985],[-74.0098721108548,40.744916501192684],[-74.01016790535392,40.74494232877649],[-74.0099739502192,40.74532313417613],[-74.01046920011868,40.74538676509589],[-74.01041937209395,40.744976823740544],[-74.01076419780692,40.745005031087686],[-74.01053106537704,40.74538204945637],[-74.01110359804885,40.74544766931086],[-74.01104459150831,40.74504621146893],[-74.01138769974182,40.74507311174952],[-74.0111541917691,40.74544637715085],[-74.01173958552815,40.745519917257106],[-74.01183642872417,40.74512596274566],[-74.0117827582809,40.745601571322325],[-74.01167885505595,40.745979460882864],[-74.00946389855972,40.745750142726344],[-74.00936362734228,40.746335601044144],[-74.01159123434022,40.746601504542845],[-74.01148373087554,40.74699058783217],[-74.00924314658675,40.746762789820636],[-74.00913736259926,40.747359761869895],[-74.01140673935527,40.74763054963754],[-74.0113035299375,40.74801457097578],[-74.00905847901343,40.747785644399734],[-74.00894606502321,40.74841189223561],[-74.01121561813416,40.74867799131045],[-74.01110891182996,40.749049875489064],[-74.00994817938032,40.748931987072595],[-74.00956004978678,40.749935040858425],[-74.01075658033929,40.750410852024395],[-74.00925340917924,40.74998520529138],[-74.00853256925022,40.751883608371195],[-74.00932795206229,40.752373502113024],[-74.00842636447226,40.75215784930613],[-74.00997058797022,40.75293356322004],[-74.00835352838843,40.75235073840918],[-74.00774404830219,40.75433680150116],[-74.00480392560185,40.757809842231545],[-74.00527894797891,40.758028553995096],[-74.0050310513664,40.75835701553998],[-74.00700358904015,40.75923186940793],[-74.00650687640183,40.759892031384034],[-74.00450483093914,40.75908499561953],[-74.00420629125391,40.759501706755245],[-74.00380657835007,40.759510730532845],[-74.00431889425076,40.75991068483026],[-74.00366891453541,40.75970596864342],[-74.00392854933564,40.760003018787266],[-74.00313338991401,40.76107834416314],[-74.00278691552613,40.76092896877016],[-74.00233528130057,40.76154372606846],[-74.00455641560922,40.76252426409188],[-74.00439976203518,40.76267135816563],[-74.0022008207327,40.76172843129331],[-74.00153309066981,40.762644597194424],[-74.00375735037696,40.76358224070741],[-74.00361214794177,40.763777042976564],[-74.00138603698599,40.762850094068725],[-74.00097308022016,40.76342027079249],[-74.00314976988992,40.76433288725144],[-74.00294809515725,40.76461683550072],[-74.00314652967366,40.76473628045864],[-73.99992712367727,40.76340652754616],[-73.99962263458187,40.76355908027729],[-73.99915098087908,40.764205258649525],[-74.00228802371484,40.76556154336459],[-74.00202454330335,40.76589326563719],[-73.99888473174988,40.764569376115325],[-73.99827090308348,40.765552232480076],[-74.0015618057548,40.766996498435105],[-74.00131469636004,40.76725111911675],[-73.99806675905354,40.76587188020251],[-73.99737808447964,40.766823385446365],[-74.00064950530417,40.768245235172365],[-74.00038586489076,40.76850419449609],[-73.99715588949212,40.76712869523961],[-73.99645715405042,40.76809881486244],[-73.99973590247853,40.76950617639832],[-73.99947253734024,40.769764214035945],[-73.99707176039311,40.76873264264365],[-73.99657126439575,40.76942456734063],[-73.99902682832902,40.77046327204884],[-73.99876206914315,40.770825055776],[-73.99631327022085,40.76979883540322],[-73.99542474436302,40.77103161423476],[-73.99589990100938,40.7714502976489],[-73.99530566365357,40.77119600397631],[-73.99493501659006,40.77146814564478],[-73.99711218538607,40.77255323576631],[-73.99690946902788,40.772832944726744],[-73.99477407930823,40.77192954659698],[-73.99444501293384,40.7723771256551],[-73.99644894667634,40.77305684106351],[-73.99614329133081,40.773247540630244],[-73.99668544431167,40.773503687113056],[-73.99416328456302,40.772487190590645],[-73.99383108203092,40.77293178691744],[-73.9962406518988,40.773789790464456],[-73.99617945997379,40.773986953418294],[-73.9939369418221,40.773179510033664],[-73.99226708903541,40.775116032925325],[-73.99205908493714,40.77549759725903],[-73.99238604296029,40.7755571794914],[-73.99092717414969,40.77756687782973],[-73.99039616003651,40.777585064745814],[-73.98886861740003,40.77969292197817],[-73.99155105922739,40.779574820504095],[-73.98888614411696,40.77987889759948],[-73.98807644914504,40.781650934068374],[-73.98546581197024,40.78536069964216],[-73.98617270496544,40.786068451325406],[-73.98711901394256,40.78521031807083],[-73.98612842248589,40.78623900039784],[-73.98542932126942,40.785413941251356],[-73.98508113773205,40.78592193417718],[-73.98576566029752,40.78619627392536],[-73.98501696406495,40.786014236262375],[-73.98465507883023,40.78653474087468],[-73.98594956155657,40.786487113033225],[-73.9846194285841,40.786586015416546],[-73.97205095521868,40.80453037507666],[-73.968557477712,40.8090728933902],[-73.96414082888299,40.81577165652049],[-73.95999892229345,40.82038294386887],[-73.95981462674526,40.82029787427052],[-73.95913061580629,40.82116895284132],[-73.95942624349648,40.821252380804516],[-73.95914685715191,40.82157132761751],[-73.95908960240091,40.82120624612249],[-73.95881892233997,40.821518523913305],[-73.95900018289893,40.82240972744089],[-73.95990999444398,40.82257111888853],[-73.9596033246028,40.82299468584987],[-73.95892614718302,40.822711754507885],[-73.95904953331708,40.82254133443478],[-73.95852731524258,40.821843755718696],[-73.95820019354012,40.822283135984655],[-73.95793904909121,40.82277435261383],[-73.95814312769201,40.823020721337954],[-73.95955575493863,40.82369379683532],[-73.95725896977147,40.82711730893961],[-73.95694866420469,40.82700055300154],[-73.9563178451031,40.82794421445508],[-73.95503912978396,40.827413430978396],[-73.95454188062128,40.82786147543202],[-73.95131641119,40.83245051103713],[-73.9501552099661,40.83439675888232],[-73.94842860791512,40.839860853719685],[-73.94612416421772,40.84389249562358],[-73.94617174983877,40.84539289064705],[-73.94651730200577,40.845995183470166],[-73.94635078049936,40.846240330355705],[-73.94682445342644,40.84713426113623],[-73.94663550012669,40.84891242412612],[-73.94696441759594,40.85046552488461],[-73.9465022945768,40.850975665165386],[-73.94627501496664,40.85084097674198],[-73.94611744105153,40.851172582086114],[-73.94466721178104,40.851921225575744],[-73.94432518482476,40.85182257550502],[-73.94347978545626,40.85228188201349],[-73.94186996426673,40.8538677385092],[-73.9402934749712,40.856641769723986],[-73.93401664426696,40.865035547357955],[-73.93266332721463,40.86723706550332],[-73.93283958205063,40.86741527597773],[-73.93259794852806,40.86731134873672],[-73.93242538215341,40.86756824748999],[-73.93226769826255,40.86856231803873],[-73.93265083512807,40.8684650325482],[-73.93225427749157,40.86868339792182],[-73.93256795169877,40.86904439054015],[-73.93218903826079,40.86936697545542],[-73.93246883069907,40.8694760984533],[-73.93235370807278,40.869755254362914],[-73.93235934466003,40.86950736228569],[-73.9320534384771,40.869600749810694],[-73.93220600531866,40.87009644417075],[-73.9319137713681,40.871129492789045],[-73.92997686743148,40.8743389613967],[-73.92901345809736,40.87573865965898],[-73.92641591454776,40.87761004676707],[-73.92640556921116,40.87762147560363]]],[[[-73.92359742020388,40.87889871205893],[-73.92361719191422,40.878852757602246],[-73.92362423150803,40.87885490035266],[-73.92363695289221,40.87881535499838],[-73.9236791931168,40.878826073564916],[-73.92366647926988,40.87886349557918],[-73.92367773890663,40.878865625202785],[-73.92366219321842,40.87891158246509],[-73.92365233486954,40.87891157594389],[-73.92362973950414,40.87896394230957],[-73.92359172553134,40.87895215839898],[-73.92361150251905,40.87890085947221],[-73.92359742020388,40.87889871205893]]],[[[-73.90665099539478,40.8757525032589],[-73.90774270784561,40.87284595117788],[-73.90893235241587,40.87215734703694],[-73.9097169000645,40.87320461048338],[-73.91092118009641,40.87414639510641],[-73.91578515571896,40.87571694413062],[-73.91484624156382,40.876666709342786],[-73.9120583003024,40.87811931911492],[-73.91148913190445,40.8790188578758],[-73.90949832117538,40.87877673074542],[-73.90682004046072,40.876585524673054],[-73.90665099539478,40.8757525032589]]]]}},{"type":"Feature","properties":{"boroname":"Bronx"},"geometry":{"type":"MultiPolygon","coordinates":[[[[-73.89680883223774,40.79580844422646],[-73.89796839783742,40.795644838228675],[-73.8991943424998,40.796502455084905],[-73.89788253240184,40.7971165312137],[-73.89678526341234,40.79632916555378],[-73.89680883223774,40.79580844422646]]],[[[-73.88885148496334,40.79870632802542],[-73.88821348851279,40.798665303705214],[-73.88823353313649,40.79824288335258],[-73.88755967580651,40.79836873150373],[-73.8866510852459,40.79803819576657],[-73.8837574159016,40.795708564486475],[-73.8836551675666,40.7959672291318],[-73.88209633687468,40.795159860109685],[-73.8783743781276,40.79452080583391],[-73.87583075485661,40.79315011635392],[-73.87449318523961,40.79205744965589],[-73.87288457445666,40.791452107273834],[-73.87121154143503,40.79003612080385],[-73.87080888567432,40.787896690749754],[-73.87163065373362,40.7867979049098],[-73.87308761688934,40.785854951850105],[-73.8765308995643,40.78583749589758],[-73.87830680057651,40.78535661957517],[-73.88770126306409,40.78687227363932],[-73.88905212443194,40.78737255932479],[-73.89030135498935,40.7898767264014],[-73.89079999909833,40.79020757526521],[-73.89218182984939,40.79039426867567],[-73.89282283610937,40.79281708101813],[-73.89179289686578,40.79677524482532],[-73.89073139028332,40.7976608988732],[-73.89087421678997,40.797829747293015],[-73.89062148266541,40.797748922515225],[-73.89079505126982,40.79802183692228],[-73.89060785824256,40.79776750620439],[-73.89016916368548,40.79796465800179],[-73.889212838981,40.797801203170756],[-73.88835248098196,40.798139358767585],[-73.88883691629128,40.79874672084076],[-73.88885148496334,40.79870632802542]]],[[[-73.89833036270555,40.802412820006666],[-73.89646668834571,40.80079046995798],[-73.89864038714995,40.79910116368803],[-73.90021004993146,40.79926415496263],[-73.89978738800846,40.7995095534412],[-73.89971563817444,40.800798807569436],[-73.90003735815742,40.80090874111685],[-73.89948919423671,40.80090111499622],[-73.89938748571049,40.80193566413693],[-73.89833036270555,40.802412820006666]]],[[[-73.78833349834532,40.834667128825835],[-73.78931223606624,40.83446488561992],[-73.78951019872315,40.8353640415922],[-73.78845700015215,40.835309913381884],[-73.78833349834532,40.834667128825835]]],[[[-73.80222295355263,40.84163481221054],[-73.8026381115615,40.84108115233356],[-73.80529495910666,40.84113492391666],[-73.80694608641599,40.84146244625281],[-73.80680801372392,40.84248913905398],[-73.80393073307408,40.84259407161639],[-73.80367560026527,40.84225849198246],[-73.80222295355263,40.84163481221054]]],[[[-73.78061730829724,40.855735174876415],[-73.7809047685129,40.854968132228606],[-73.7815638969994,40.855001285500215],[-73.7815630326816,40.85574479506719],[-73.78122782332018,40.856087788229125],[-73.78061730829724,40.855735174876415]]],[[[-73.78283291447867,40.85587030751212],[-73.78302371522497,40.85509276573132],[-73.78367819665128,40.85517343657611],[-73.78394699722011,40.855630436593025],[-73.78343487501385,40.856362865025176],[-73.78283291447867,40.85587030751212]]],[[[-73.79018745195005,40.858609916452544],[-73.78898385013125,40.858470842806284],[-73.7887840285458,40.85742068940291],[-73.78804342975802,40.85755991675351],[-73.78877898544022,40.85740092426605],[-73.7888965495719,40.856573385776194],[-73.78835943222366,40.85562648821464],[-73.78847732653362,40.85440051959858],[-73.78834700683632,40.85415351801618],[-73.78734753146423,40.854385884525875],[-73.78832399449914,40.85410251471604],[-73.78690734702697,40.85406397136558],[-73.78792821707313,40.853737796455526],[-73.78796264288071,40.85347472000195],[-73.78588186506651,40.85178867150727],[-73.78529210719027,40.85162064903993],[-73.78413189167985,40.851832805223644],[-73.78431415166013,40.85176754477331],[-73.78396112488309,40.85148693298935],[-73.78338158610394,40.851586732980756],[-73.78460077697608,40.8510956912616],[-73.78445463288553,40.850772872920885],[-73.78384119307995,40.850692898564716],[-73.78420047134387,40.850060643307046],[-73.78353497808742,40.8492209664867],[-73.78303535537907,40.84907190719428],[-73.78154449088599,40.84940043370972],[-73.78214108697848,40.8491006617341],[-73.78143249522289,40.84880000487975],[-73.78149386587495,40.848580474892195],[-73.78267467078717,40.848139672012984],[-73.78097820938956,40.84845834697997],[-73.78263740397894,40.84807264831223],[-73.78148431950564,40.84788219291507],[-73.78142920347919,40.84745634442366],[-73.78221497817432,40.84686140865587],[-73.78216393435581,40.84663633684727],[-73.78040326958595,40.8469311332325],[-73.78106043973015,40.84680255092076],[-73.78115182578568,40.84624630369355],[-73.78110675760801,40.84674699620759],[-73.78174288903256,40.84641228918234],[-73.78171494622761,40.84665747328113],[-73.78109301885188,40.846798490653825],[-73.78251345116861,40.84640877061759],[-73.78249597258954,40.845661561015476],[-73.7831464422737,40.845309941092445],[-73.78181646104314,40.84576497711742],[-73.783050749408,40.8454968222423],[-73.78306023126582,40.84508570763345],[-73.78181535900454,40.845480581946745],[-73.78307457446685,40.845056367800304],[-73.78315245505743,40.84529598239422],[-73.7829757924433,40.84468094708683],[-73.78336536135345,40.844444722048145],[-73.78301129829549,40.844172689413654],[-73.78348428748818,40.84367854506488],[-73.78052736048546,40.84452513940461],[-73.77992703744437,40.843883080422295],[-73.78053302714561,40.84445302082908],[-73.78039623282011,40.843966407246214],[-73.78058464728883,40.84443457176465],[-73.78106261364299,40.84432831694315],[-73.7808769019871,40.84386221955425],[-73.78108977797854,40.84432012614406],[-73.78154602523335,40.84421588881415],[-73.78137674098369,40.84370448560649],[-73.78157590302533,40.84420770303946],[-73.78200770536675,40.8441095997361],[-73.78183306599361,40.843575517371335],[-73.78203757586265,40.84410347403989],[-73.7824367989546,40.84400943016632],[-73.78224871668732,40.84343616748394],[-73.78246939706243,40.84399918690149],[-73.7828224397139,40.843919480265896],[-73.78257210723775,40.843294581512296],[-73.7827849863566,40.84375454454735],[-73.7830918611238,40.84368505387766],[-73.78287388243189,40.84312410142879],[-73.78313252568672,40.8436974957982],[-73.78284151617686,40.84389478626835],[-73.78347481249254,40.84365473717618],[-73.78288778301487,40.84249482791608],[-73.78281584526057,40.842764521663085],[-73.78270669982571,40.84253247487677],[-73.78229941270918,40.84260589547978],[-73.78244452404594,40.84304203348316],[-73.78226682874738,40.84261201729467],[-73.7818004836245,40.842696144860106],[-73.78193306593671,40.84322808714288],[-73.78177196927732,40.84270227255841],[-73.78124656634499,40.842797106355896],[-73.78142785188437,40.84337087334798],[-73.7812160111929,40.84280477646214],[-73.78067429925022,40.842907303604136],[-73.78082903681303,40.84350729621212],[-73.78064375993145,40.842910337189885],[-73.78029552532071,40.8429730439604],[-73.78022773872681,40.843778180364154],[-73.78022662418081,40.84288326800191],[-73.78286499304919,40.84247810094916],[-73.78059735822595,40.84278659900745],[-73.78236855953504,40.84242849221611],[-73.78215166139226,40.84235522818293],[-73.78231110910548,40.84222417802361],[-73.78162055021923,40.84232949395446],[-73.782306433176,40.84221111537902],[-73.78233257215891,40.84192284317784],[-73.78144003107849,40.84214213255985],[-73.78232351285952,40.841898329521044],[-73.78203752533945,40.84184191578148],[-73.78216624418963,40.84168914317655],[-73.78034805158225,40.84210909729091],[-73.78042577181533,40.842494393273284],[-73.78019599955287,40.84204621004261],[-73.78185048197783,40.84165394546075],[-73.78166051213445,40.84112417465465],[-73.78084223802311,40.841276323094576],[-73.7808922061015,40.841553083264714],[-73.78079752923459,40.841256145114826],[-73.7816485529559,40.84109776259526],[-73.78139143568951,40.84103660868461],[-73.78161069651529,40.84099623909214],[-73.78137488194953,40.84097887007151],[-73.78159396937255,40.84093979581449],[-73.78154296060539,40.8403866606709],[-73.78125361834407,40.84025550000787],[-73.78148878089253,40.84019732298851],[-73.78117947802401,40.83974586132227],[-73.78134125145768,40.83947856250937],[-73.78113875725964,40.83949427786819],[-73.78200420989043,40.838015571373596],[-73.7818845572028,40.837650275671244],[-73.78290629190879,40.83732000513921],[-73.78282260139738,40.83633815495437],[-73.78338168059337,40.83690927074712],[-73.78410164591313,40.836725528424424],[-73.78448456140015,40.83702422160502],[-73.78498060328094,40.83674642514703],[-73.78450333965363,40.8370577642376],[-73.78485009222663,40.837470488244996],[-73.78563997845453,40.83706443365181],[-73.78583067964125,40.837209979071],[-73.78516584428664,40.83747133312824],[-73.78557796850949,40.837927112291815],[-73.7857350929869,40.83923423084229],[-73.78652598496427,40.83972311467346],[-73.78740758746011,40.83967762226337],[-73.78749166412595,40.840842340740494],[-73.78818132144563,40.840711079567804],[-73.78815921166516,40.84049077763352],[-73.78825453283459,40.84074586218495],[-73.78752379733696,40.84087961125163],[-73.78786404049697,40.84108172490135],[-73.78761237782594,40.84119800436229],[-73.78836617474822,40.841504610083],[-73.78802003550362,40.841783840525224],[-73.78829358843862,40.8417853722031],[-73.78805599070789,40.84186702924401],[-73.78838456613674,40.84238197743708],[-73.78883864895148,40.84235039502763],[-73.78852780867375,40.84242557596121],[-73.78905825501366,40.843235330836485],[-73.78993093388252,40.8430422634301],[-73.78980449502042,40.84358665534884],[-73.78933708725715,40.84368149712198],[-73.78947182214094,40.844292977418476],[-73.79066589001023,40.84574155790084],[-73.79098858375896,40.84565283112892],[-73.79069785364858,40.845786011617285],[-73.79097333310678,40.84635731059141],[-73.79149076513559,40.84625100403169],[-73.79118128785345,40.846555674996196],[-73.79179343625455,40.84673167139574],[-73.79136709858452,40.84688764175224],[-73.79144049688328,40.847306042549974],[-73.79191997810089,40.847258217097156],[-73.79126708567364,40.8476018664205],[-73.79132975970053,40.84805792213068],[-73.7916176543145,40.84805292347423],[-73.79133588063232,40.84808623771885],[-73.7910136233899,40.848985208783226],[-73.78975711070612,40.849531468354044],[-73.78985836952192,40.849972558428284],[-73.79098877124646,40.84982834859856],[-73.78986630313652,40.84998938976958],[-73.79001758788849,40.850316331531474],[-73.79040506054308,40.850272761780396],[-73.78991872482868,40.850611726204185],[-73.79102381130423,40.85043227449046],[-73.78992953626663,40.85062612162143],[-73.79026824507268,40.850961087140234],[-73.78951371516169,40.851300770779545],[-73.78966276217221,40.85148870238734],[-73.79098717984299,40.851264014365476],[-73.78966490344519,40.851500381198505],[-73.78972573712082,40.85169266963137],[-73.79089217930074,40.8515469026153],[-73.79019588667285,40.85175290362934],[-73.79046370528101,40.85176700522042],[-73.79015509261012,40.852251284302206],[-73.79016095149865,40.852040235497334],[-73.79027404235784,40.852223270158945],[-73.79045200336101,40.851989720016675],[-73.79080610587768,40.852099875034135],[-73.79056092524328,40.8519444429578],[-73.79079463354844,40.85186134045217],[-73.79085380717721,40.85208882403479],[-73.79249450978072,40.851550724159104],[-73.79017007126302,40.8522806602198],[-73.79113795170932,40.85205585164006],[-73.79123655971779,40.852280288952926],[-73.79318284075856,40.85180857093769],[-73.79311837183837,40.851578294307224],[-73.79323786787634,40.851931173740866],[-73.79124556783769,40.852304680477125],[-73.79138052695525,40.85260203737116],[-73.79340987631164,40.85202188279677],[-73.79350762831915,40.85226404299122],[-73.79042053780171,40.853022977278904],[-73.79100586740218,40.853117690328354],[-73.79143702716483,40.85282272755244],[-73.79150327251574,40.85300474802606],[-73.79191649946218,40.85271098720483],[-73.79283083884894,40.852680459834254],[-73.79281511966929,40.85249481837529],[-73.79290086687061,40.8526954350487],[-73.79080758729928,40.853199059130674],[-73.79111431429385,40.853264450991084],[-73.79126573165878,40.85370686329956],[-73.79252408728911,40.853409919771295],[-73.79240931036932,40.85305333518115],[-73.79255598392582,40.853401177607196],[-73.79297928311048,40.85330294397584],[-73.79287610048588,40.85294418039484],[-73.79303991170266,40.85337124835158],[-73.79105721254831,40.853918411493034],[-73.7924581684481,40.85360070782131],[-73.79107002765953,40.853944955731016],[-73.79253714604867,40.8538493268793],[-73.79179366809417,40.85400482896677],[-73.79191811736386,40.854222353809284],[-73.79129282160648,40.85458402504321],[-73.79207675667554,40.855645166773485],[-73.79250306685451,40.855788665203406],[-73.79201712228527,40.856176947672665],[-73.7931468608597,40.856467827537514],[-73.79201050009054,40.8562251267848],[-73.79190183340256,40.8565469104344],[-73.79309492152372,40.85668644047049],[-73.79189422958885,40.85656888839599],[-73.79170704257365,40.85685184192142],[-73.79220265950254,40.85714599947672],[-73.79242794130491,40.85692854160317],[-73.79222189186386,40.85715229749106],[-73.79282713237981,40.85743578898427],[-73.79301264383,40.85700302510957],[-73.79288403888897,40.85747920156004],[-73.79185978715215,40.85700410632579],[-73.79268338575486,40.85742039265908],[-73.79211266783629,40.857166930936714],[-73.79189451913092,40.85743712093163],[-73.79256970440599,40.857639624428664],[-73.79239521723282,40.85784554681855],[-73.7917425408236,40.85739394907051],[-73.79209332504094,40.857157989013544],[-73.79184303217399,40.85702870107775],[-73.79094202260372,40.85755274725519],[-73.79178529423254,40.85777542492195],[-73.79143695908111,40.85815468418943],[-73.79161866075827,40.85790134111443],[-73.79093222800749,40.857567786536926],[-73.79023592738763,40.8581540838776],[-73.79020122975747,40.858601588776835],[-73.79018745195005,40.858609916452544]]],[[[-73.76783205637167,40.85444220480843],[-73.76855660327054,40.85323832202582],[-73.7690443898713,40.85329092376],[-73.76938529139699,40.85253613306318],[-73.76860817687101,40.85078839444451],[-73.7695967431147,40.84759451816463],[-73.76789492672653,40.84528943258606],[-73.76901389181124,40.84509734178829],[-73.77157218833241,40.84750005764679],[-73.77088920221176,40.849751770404424],[-73.77204963668454,40.85161828882381],[-73.77296356611288,40.85215925302498],[-73.77264837746921,40.852224401695935],[-73.77289075731301,40.85239826806465],[-73.77245940163023,40.85210626614855],[-73.77245149415484,40.852435895959914],[-73.7717306041191,40.852476830385505],[-73.77171715936545,40.85300453834824],[-73.77229680531383,40.853086377318775],[-73.77234917454827,40.85385141980304],[-73.77296285334873,40.85380006131287],[-73.77295817517044,40.85413743198976],[-73.77233272219738,40.853900843741606],[-73.77214036841818,40.85441271166698],[-73.77219223055423,40.859986637663305],[-73.77084562360571,40.860101011923106],[-73.76947305424012,40.85933013573493],[-73.76836277290789,40.85835828791823],[-73.76836085918805,40.85765536277226],[-73.7653324399529,40.855043594191265],[-73.76783205637167,40.85444220480843]]],[[[-73.78452431937968,40.86047706221419],[-73.78440007895902,40.85976627351143],[-73.78519664387123,40.858827022703785],[-73.78601763836588,40.859300919173336],[-73.78710536878255,40.858808544762624],[-73.7874318619418,40.85893524468082],[-73.78685886773302,40.86004505690593],[-73.78455587045983,40.860503141408536],[-73.78452431937968,40.86047706221419]]],[[[-73.77290231992444,40.86120858234484],[-73.77323150189409,40.86074716865334],[-73.77351264165688,40.86124118315343],[-73.77310632921936,40.86161457409918],[-73.77290231992444,40.86120858234484]]],[[[-73.77460156350934,40.862069046526095],[-73.77529297955132,40.86123200728224],[-73.77462582015613,40.86206292987701],[-73.77460156350934,40.862069046526095]]],[[[-73.78312589594476,40.862856166367],[-73.78288197831185,40.862406432157634],[-73.78314504288142,40.862068677971976],[-73.78316714445809,40.86286121615858],[-73.78312589594476,40.862856166367]]],[[[-73.78401249138903,40.863131993140705],[-73.78354105299664,40.8630955053912],[-73.78380117343673,40.862966573590796],[-73.78376770348989,40.862610607530705],[-73.78469165850707,40.86254278897455],[-73.7842865050007,40.86320508784689],[-73.78404441686632,40.863140139428644],[-73.78401249138903,40.863131993140705]]],[[[-73.76964988627098,40.865485571490765],[-73.76979148260503,40.865128232630745],[-73.77022931630273,40.86513893846242],[-73.77006897299817,40.86552587524974],[-73.76964988627098,40.865485571490765]]],[[[-73.7666896584193,40.86709778069089],[-73.76709907439795,40.86670457181451],[-73.76779449382016,40.86678117283172],[-73.76760072096499,40.86749638560778],[-73.7666896584193,40.86709778069089]]],[[[-73.770809753982,40.87154994591421],[-73.76990710668555,40.870476943536595],[-73.77109611675694,40.87069300428537],[-73.77288042665239,40.87124526249657],[-73.77217786492288,40.87198110975562],[-73.770809753982,40.87154994591421]]],[[[-73.7864851054659,40.87320925401669],[-73.7866248906274,40.873034647100745],[-73.7867268909537,40.87307453833197],[-73.78665449887535,40.87339363682732],[-73.78649986647405,40.87348161767375],[-73.78626202153426,40.87339368570028],[-73.78632869488995,40.87327114362044],[-73.7864851054659,40.87320925401669]]],[[[-73.78605394964907,40.87378264525911],[-73.78618924358643,40.873599726766024],[-73.7863332599671,40.87367772395376],[-73.78632872330334,40.87380492750724],[-73.78619463716475,40.87388531848097],[-73.78605394964907,40.87378264525911]]],[[[-73.77435244645233,40.87416995494115],[-73.77458142278213,40.87410913297431],[-73.77453640510959,40.874710014504636],[-73.77409538292132,40.87489618354642],[-73.77397610935068,40.87459940098764],[-73.77425306035087,40.87428435670921],[-73.77435244645233,40.87416995494115]]],[[[-73.78241811865317,40.87492326948807],[-73.78265785360907,40.87479265576033],[-73.78280207510412,40.87494886527164],[-73.78266372854154,40.87513656351125],[-73.78247604125525,40.87516813244517],[-73.78241811865317,40.87492326948807]]],[[[-73.78103351104954,40.87648400111404],[-73.78120649649387,40.87628502452643],[-73.78132704118008,40.87636132561268],[-73.78112767478166,40.87665267957442],[-73.78103351104954,40.87648400111404]]],[[[-73.78650554049729,40.880940133545465],[-73.78582190502608,40.88075509516638],[-73.78578002611275,40.88036396172766],[-73.78684884910369,40.88044811035813],[-73.78679741033037,40.879947072880306],[-73.78726793709994,40.87968270289831],[-73.78742531437597,40.88044737303185],[-73.78691765981311,40.88094479425487],[-73.78650554049729,40.880940133545465]]],[[[-73.87294860352856,40.90444102173441],[-73.85946778700766,40.90051720833307],[-73.85907692341044,40.901007992166825],[-73.85937696525052,40.90156521723049],[-73.85902704152225,40.901444908819656],[-73.85886401316354,40.90171169411574],[-73.85946389958117,40.901933876699765],[-73.8595788294826,40.90244084183757],[-73.8592643254188,40.90266947896273],[-73.85872824833457,40.90228896963639],[-73.85816000004854,40.90230570926891],[-73.85796932328364,40.902850906753834],[-73.85755967657649,40.90291779502476],[-73.85711090479973,40.90364953176211],[-73.85699157346858,40.90458420812935],[-73.8574345761835,40.904841542264045],[-73.85717766075967,40.90528654072762],[-73.85665436822772,40.905054999345914],[-73.85601023389269,40.90530598269305],[-73.85692398180078,40.905974169177206],[-73.85681013638538,40.906155827392155],[-73.85580463795947,40.90626436319269],[-73.85513792083088,40.90686688820715],[-73.85423776686882,40.907032867320524],[-73.85374103630761,40.90778791580171],[-73.85471078339658,40.90800630900911],[-73.85491109673522,40.908354869402906],[-73.85458940588242,40.90893949836446],[-73.85295618421432,40.910353043245365],[-73.85258474750408,40.91031061613023],[-73.85266035892214,40.910015192224314],[-73.85227451616487,40.9098540987093],[-73.8514475396905,40.91044967026891],[-73.85107116183829,40.91037151928807],[-73.85347522333483,40.907530293094545],[-73.85092059362833,40.9066164935557],[-73.85017317485853,40.90750786471667],[-73.84708032914143,40.906156732601616],[-73.84481886985014,40.90552994874083],[-73.84489264909256,40.90419086586234],[-73.84138689238422,40.90417274059923],[-73.8406796632419,40.90151703052917],[-73.83919486680567,40.899350691497155],[-73.83964812812998,40.89733053440684],[-73.83839199123516,40.89406700711431],[-73.8352579057002,40.89339164312196],[-73.8226770878014,40.88961946813756],[-73.82248620413193,40.89009805347058],[-73.82326489813005,40.889987020126235],[-73.82336601275064,40.89107513477264],[-73.82285335006466,40.89120682816143],[-73.79300652649025,40.883358736951784],[-73.7949170558667,40.88054379005114],[-73.79554579908869,40.88069101444116],[-73.79502596232844,40.87974779627798],[-73.79625097535785,40.87701199884481],[-73.79712701174672,40.876190399970184],[-73.79743815457286,40.87513533201944],[-73.7985533078772,40.87440142734079],[-73.79891245463618,40.874645892209195],[-73.79981389580338,40.87415984878253],[-73.7998771379357,40.87348466635889],[-73.80087270458255,40.87159011896022],[-73.80252284756597,40.870506643763136],[-73.80317726501727,40.871683154136896],[-73.80269939786245,40.87221469036062],[-73.80339117523086,40.872505036697405],[-73.80431849468226,40.871159740134296],[-73.80373339399289,40.87096260189012],[-73.80358314939251,40.86994806009491],[-73.80282959893202,40.87007629309677],[-73.80302203685265,40.86915511886281],[-73.80422027051759,40.8690021472345],[-73.80483122145958,40.86931318085227],[-73.80554495995763,40.86895600407851],[-73.80588410012882,40.86906850125124],[-73.8057448608033,40.86969257561912],[-73.80841596818799,40.87118969243389],[-73.80838731046332,40.870571620678],[-73.80754063636182,40.870377551239756],[-73.80780673194747,40.869787519494785],[-73.80695275224396,40.869657947242196],[-73.80673074905107,40.86877001214469],[-73.80487266169938,40.8682333018986],[-73.80464604502922,40.866647115503206],[-73.8038528078145,40.86716648386637],[-73.80300388108952,40.86704183563514],[-73.8030604148455,40.86581513277315],[-73.80225816157764,40.86560820547716],[-73.79780377219308,40.87225613134024],[-73.79479044681605,40.873200483100284],[-73.79397363837722,40.874566593634626],[-73.7935960533051,40.87672073179223],[-73.79316703778711,40.87705563813277],[-73.79440294586247,40.877641842065245],[-73.79384702788164,40.87859445885707],[-73.79288910674136,40.879264091888636],[-73.79090368014795,40.880029314264576],[-73.79023015226511,40.88098097282469],[-73.78955872944304,40.8812612839817],[-73.78926161019817,40.881205413689884],[-73.78912020636918,40.88008021005974],[-73.7900633286077,40.87959466058111],[-73.78952309368802,40.878998126126795],[-73.78588496976651,40.879067230818904],[-73.78438168107567,40.8784205307367],[-73.78417738368825,40.87772135299478],[-73.78470964026451,40.87635799391403],[-73.78668493218777,40.874293474608756],[-73.78719087560506,40.872730552795446],[-73.7862487445261,40.87238284583846],[-73.78508139658612,40.873589962291994],[-73.78568099853844,40.87238726412344],[-73.78526152075715,40.87174532139873],[-73.7840215783955,40.87369242116558],[-73.78358738486047,40.87378095374661],[-73.78343142541371,40.87317870101513],[-73.78403716971833,40.87282660032995],[-73.78306853426031,40.87215357498905],[-73.78320175426296,40.87067035992012],[-73.78490216077773,40.86976397230698],[-73.78560245305454,40.868341651290024],[-73.78551744254963,40.86916956478543],[-73.78598679893324,40.86959273735269],[-73.78795446145416,40.86984541812992],[-73.78968197448644,40.869361309839],[-73.79139032586127,40.86814130653244],[-73.79265095767069,40.8641366522511],[-73.7914731711989,40.862207105315335],[-73.79190454927512,40.860829561778374],[-73.79351029757717,40.86055168035721],[-73.79363962082942,40.86024127723616],[-73.79339985516707,40.859948485267324],[-73.79386568469451,40.859778773895464],[-73.79454562318027,40.85888825822762],[-73.79486983866903,40.858075550324386],[-73.79435005934283,40.85652702287023],[-73.79685461759921,40.856264357279755],[-73.79798533480849,40.85484893166209],[-73.79872255600085,40.854914400239004],[-73.79902419393323,40.85395726671649],[-73.7986427433037,40.85335745898847],[-73.79795583310252,40.85298832978263],[-73.79780522990598,40.85194959766347],[-73.79819365996846,40.85059256047306],[-73.79948681481508,40.84974844713108],[-73.8002902671601,40.84814485541],[-73.80146735269074,40.8487702127721],[-73.80197064756857,40.85038267513565],[-73.8041755793241,40.85334011925554],[-73.80452526730048,40.854851863532716],[-73.80352359809021,40.85555669395595],[-73.80464293882288,40.85996820063868],[-73.80478643025218,40.861538472885385],[-73.80550643995893,40.86184934889227],[-73.80615959234301,40.86164475548598],[-73.80582041215632,40.86003461153581],[-73.80613057038923,40.859880999711656],[-73.80655629956537,40.859817925166475],[-73.80731849101196,40.86038563316624],[-73.8080335934496,40.860157100413524],[-73.80816306112644,40.85974534863371],[-73.80742890187426,40.85860526294993],[-73.80759409062084,40.85848176876283],[-73.8111045714928,40.86246446779713],[-73.81327423960406,40.86322083829438],[-73.8137278052502,40.863871365581346],[-73.8140408968062,40.863860394098786],[-73.81395857354603,40.864102703282434],[-73.81437997747577,40.863254396909625],[-73.81510315384155,40.86305746443411],[-73.81641392102729,40.861180626770235],[-73.81549293707923,40.86095528580346],[-73.81479629757351,40.861128955813115],[-73.81485206024097,40.86090098937625],[-73.81381802586876,40.860548277737095],[-73.81273146495045,40.85887754101413],[-73.81230602708416,40.854162025539615],[-73.81640870908019,40.854082254181115],[-73.81714840665396,40.852302356618864],[-73.81719039626154,40.85176989267765],[-73.81691542317314,40.851673524633505],[-73.81712409042213,40.85126957251116],[-73.8168587387075,40.850957375065114],[-73.81571378494652,40.85081620291126],[-73.81628619094234,40.85019457551539],[-73.81552034592242,40.84922787349983],[-73.81513102820755,40.84917250261962],[-73.81590281420536,40.84801312105072],[-73.81560451391991,40.84765868222854],[-73.81609670609069,40.847512145601875],[-73.81610537477155,40.84645454350388],[-73.81571903834562,40.84629344256524],[-73.81464594697547,40.84721961259536],[-73.81570353189454,40.8462913394902],[-73.81356372861671,40.84715141034492],[-73.81490858203193,40.84646876394547],[-73.81442352579826,40.84618782413888],[-73.81502627604301,40.84549999412485],[-73.81318865072502,40.84622953554165],[-73.81403198219381,40.84558929693434],[-73.81368589093512,40.84565906132121],[-73.81394279128916,40.845511588177665],[-73.81363258232705,40.84528076809778],[-73.81321295244251,40.845922938908295],[-73.81361858267046,40.845275041454954],[-73.81325997724694,40.84523398952463],[-73.81284939958523,40.8463187985647],[-73.81324326350924,40.845235907419],[-73.81287703597569,40.84513466701231],[-73.81315597044255,40.84521209944273],[-73.81285536957637,40.84518628452783],[-73.81227790900505,40.84654345734566],[-73.81284143551396,40.845180169743855],[-73.81261378787292,40.84510950693232],[-73.81285774337955,40.84512954365555],[-73.81254457815614,40.84497959707473],[-73.81188458844791,40.84659496612766],[-73.81243625060675,40.84673771114199],[-73.8116997182366,40.84668169988006],[-73.81266141349053,40.844207648567235],[-73.81299120304948,40.844522506624536],[-73.81264889336671,40.84465946673374],[-73.81311795023566,40.844787602636096],[-73.81264095809883,40.844681661326746],[-73.8125490912071,40.84495227421253],[-73.81365580665879,40.84505912153214],[-73.81414462049182,40.84481817232919],[-73.81369979287813,40.84484845592982],[-73.81417097564206,40.84463994622121],[-73.81355528835338,40.84437910387683],[-73.81336991788457,40.84380082694438],[-73.81417994348197,40.84345309363117],[-73.81437458252537,40.843088925065906],[-73.8156660959385,40.84437995012566],[-73.81599415746591,40.84440311572588],[-73.81631110390222,40.8439795331873],[-73.81824065893242,40.844342126976386],[-73.81819089050612,40.844113147066444],[-73.8176899451902,40.844268494637305],[-73.81718704179615,40.84391596348401],[-73.81662677325096,40.8439448976267],[-73.81572300132002,40.84253656505335],[-73.81517113664873,40.8425771606903],[-73.81570207846414,40.84251972075606],[-73.81541503896412,40.84239132684986],[-73.8155849216333,40.84184126366998],[-73.81526263397679,40.84125983848947],[-73.8147334581754,40.8413757273773],[-73.81523404887245,40.84100964056296],[-73.81480646696009,40.83980436645544],[-73.81436596502492,40.839865362831425],[-73.81479697880746,40.83978795647335],[-73.81472319684482,40.8395888856665],[-73.81430900133688,40.839622415445724],[-73.8147199908357,40.83957187866105],[-73.81478277740275,40.83907648702407],[-73.81596456850161,40.83857282958334],[-73.81647878477874,40.8377039829549],[-73.81606068234679,40.83603019552337],[-73.8155033860885,40.83595321303604],[-73.81606339574218,40.83577292654017],[-73.81600773070701,40.83551259690511],[-73.81557397060101,40.83552508089759],[-73.81608188313598,40.83536118146668],[-73.81608401401114,40.834590345331705],[-73.81566358139256,40.83449084837341],[-73.8160374712174,40.83416861387177],[-73.8148793738859,40.83103008555792],[-73.81449221012446,40.831171139290845],[-73.81484313432425,40.830986119580125],[-73.81452008577703,40.83062287486078],[-73.81389783360494,40.83090755322474],[-73.8145101652145,40.8306140461176],[-73.81430920681511,40.83035927027394],[-73.81385671977279,40.83056144198916],[-73.81429959295049,40.830350102769124],[-73.813668312847,40.82989128392033],[-73.81388971246571,40.82977745126873],[-73.81337687307212,40.82939120177701],[-73.81338766389125,40.829023093540044],[-73.81290321918627,40.82895313123503],[-73.81318011408925,40.828802870296066],[-73.81275469994522,40.828248235317865],[-73.80992799237666,40.82819322133875],[-73.81009578138247,40.827819492157985],[-73.81105446059489,40.82798479440501],[-73.81003792061732,40.82778156799229],[-73.81182440558153,40.82782881270157],[-73.81107330717043,40.827841576116946],[-73.81159139308767,40.827999152203496],[-73.81263975265713,40.82783640565709],[-73.81265206400509,40.82755877868127],[-73.81384974851252,40.82680352781695],[-73.81372207686613,40.82627159158157],[-73.81291776131226,40.82635038818713],[-73.81399111582807,40.82606959749789],[-73.8139505407615,40.82572915051014],[-73.81342102197205,40.825925015834834],[-73.8139416195339,40.82571703079501],[-73.81379523517661,40.82529808506803],[-73.81333522606086,40.825170945774126],[-73.81211350556441,40.825552633725835],[-73.81327735515306,40.82516132077407],[-73.81308215093006,40.824944545906256],[-73.81403745843352,40.82448346856043],[-73.81397110346332,40.82419026826447],[-73.8132741739903,40.8239666648861],[-73.81273339110182,40.82477846993543],[-73.81177284871205,40.82433980523935],[-73.81103147525599,40.8247082261085],[-73.81087496294384,40.825113947513074],[-73.81076192559188,40.82490156978076],[-73.80965481141753,40.82527553468816],[-73.80909234633549,40.82587339723061],[-73.8076660476525,40.825896991125596],[-73.80697771152207,40.825388369963974],[-73.80656361554978,40.82460640449831],[-73.80677536296291,40.82444861680343],[-73.80651819407534,40.824197990979236],[-73.80675058060025,40.82382806972515],[-73.80646480610474,40.82379926656567],[-73.80666166000627,40.82341958330366],[-73.80623630693701,40.8233079337172],[-73.80651018671028,40.82315261078695],[-73.80638355020798,40.82289276119621],[-73.80595169124453,40.82288259441598],[-73.80622242082096,40.82274142905598],[-73.80582465580848,40.82176778885959],[-73.8059915984894,40.820823557556636],[-73.80572802989734,40.820177337761564],[-73.80461931205357,40.81902711328031],[-73.80348320649315,40.81827698453318],[-73.80267407634163,40.81823857415801],[-73.80252163401772,40.81852598737244],[-73.80207892871864,40.818556736035134],[-73.80070762635503,40.81804509786443],[-73.80032337978145,40.817562832981096],[-73.79759032777326,40.81650753113667],[-73.79738112573536,40.81576350396221],[-73.79771465236783,40.815513291809985],[-73.79902816314,40.81554113400526],[-73.80011146864281,40.8140245246272],[-73.80091593237643,40.81376140157312],[-73.80174561215811,40.81286501698486],[-73.80133906141208,40.81239373345898],[-73.8017593218082,40.81286139605385],[-73.80304775394272,40.812448707305364],[-73.80361390158122,40.812521105688],[-73.80351997906503,40.81292187031819],[-73.80377912019881,40.81280990510961],[-73.80361429261038,40.81304451399469],[-73.80435810346694,40.813608537740556],[-73.80415365301047,40.8137306719317],[-73.80361455805945,40.81297219025817],[-73.80325294454983,40.81319677261655],[-73.80453081609834,40.81425461899093],[-73.80322176299296,40.81337410900877],[-73.80511465526507,40.81563584909461],[-73.80658358725697,40.81659458723213],[-73.80465942815036,40.814544988188565],[-73.80660603189658,40.81666449310766],[-73.80692933177548,40.81656837814329],[-73.80653572493948,40.81589198545284],[-73.80704600153508,40.816533692941874],[-73.80662873423009,40.815683839776845],[-73.80640177811456,40.81570202971607],[-73.80659328471778,40.81561670522131],[-73.80531902580663,40.814781312064795],[-73.80505213646258,40.812894961500724],[-73.80438719791248,40.8122297922823],[-73.80361382016015,40.811938281124576],[-73.80224245334351,40.810197392726955],[-73.80101172909848,40.81071339871391],[-73.80146670007328,40.810141717029715],[-73.79853765964961,40.80958707459629],[-73.79228907337428,40.806849004646104],[-73.79140059874496,40.806997876979736],[-73.79152359065654,40.80748908697609],[-73.79086475738406,40.80734113950715],[-73.79006256328046,40.80540894090102],[-73.79056823807794,40.80455801035833],[-73.79224529219165,40.80399636338147],[-73.79338982286725,40.80420432910289],[-73.79577769393994,40.80616294809581],[-73.79620903473196,40.805968589528426],[-73.7965026852635,40.806104435056625],[-73.79636945999798,40.80627720183324],[-73.79791967769258,40.80669422661976],[-73.8018552473837,40.8089678252071],[-73.80295921748107,40.80907708279617],[-73.80392673417204,40.80852796987828],[-73.80713987884192,40.81066167552034],[-73.8082279921662,40.8118910012637],[-73.80992029081794,40.81292915132836],[-73.81185065747444,40.81293939910685],[-73.81388857435478,40.81358988764355],[-73.81443067312429,40.81351837478229],[-73.81449994116008,40.81290828667108],[-73.8144772719101,40.81351854090771],[-73.81566326325786,40.81351203881006],[-73.81620056896301,40.81384747554592],[-73.81737201626999,40.81357434287099],[-73.81735988456487,40.813375719606405],[-73.81792084127436,40.81354467966984],[-73.81797608887024,40.813299023213],[-73.81804229161196,40.81353296692286],[-73.81981638454958,40.81317993222249],[-73.82010759340305,40.812864068732],[-73.82055521517319,40.81301765414347],[-73.82024436122059,40.81243067664058],[-73.82106512070821,40.81220359153401],[-73.8203235551589,40.8124396512615],[-73.820420879506,40.81263807157179],[-73.82112969804916,40.81244975593343],[-73.82044179624144,40.812657576902794],[-73.82058709143992,40.8130194456747],[-73.82228290825745,40.812661498854176],[-73.82217145218742,40.81235400434303],[-73.82230863560132,40.81265821414515],[-73.82406387432508,40.812169260592796],[-73.82471051124966,40.81169935847782],[-73.8250578216277,40.811829917455896],[-73.82480905359998,40.811439280666576],[-73.82524350467837,40.81176133930664],[-73.82487938938083,40.811272982894764],[-73.82526664318084,40.81175234696509],[-73.82549075318569,40.81165932948999],[-73.82523137433182,40.81120978886545],[-73.82565070298104,40.81159228998266],[-73.8253576685955,40.811027642990304],[-73.82567229084796,40.81158474279695],[-73.82553710461548,40.811015523347244],[-73.82581255718914,40.811533703586896],[-73.82579755905098,40.811205334706344],[-73.82595641099937,40.81147444750168],[-73.82630784757443,40.811284121275534],[-73.82802775146077,40.81145236552536],[-73.83018245576716,40.81083908621768],[-73.83162199947387,40.809568144414534],[-73.83217452377998,40.808160368996106],[-73.83212628170283,40.8074135564179],[-73.83157902485699,40.80666933801586],[-73.83139548735753,40.80517070712637],[-73.8316157445545,40.804938255059895],[-73.83431545191425,40.80516265591357],[-73.83743612125882,40.80620264224977],[-73.83806076528188,40.80703977375993],[-73.83824420927286,40.8081768092606],[-73.84025952896259,40.81144303584934],[-73.84043199540953,40.812541127303504],[-73.83956806528867,40.81449124767468],[-73.83953766669555,40.815819181288745],[-73.84019020523161,40.81718827212294],[-73.84009277086315,40.8177989696128],[-73.83868347700744,40.81959138058595],[-73.83906398923861,40.81980243140818],[-73.83888231646738,40.82214048892258],[-73.84222047999327,40.82834188701034],[-73.84233077477276,40.82907396152023],[-73.84188643774445,40.83071317560095],[-73.83885232384732,40.833690666914734],[-73.83919255235709,40.83871362712426],[-73.83958953765699,40.83879848489215],[-73.83972014515535,40.83956540505259],[-73.84030282537185,40.83952431301147],[-73.83984179647032,40.83790493744662],[-73.83984235556305,40.83611624053037],[-73.8397594290159,40.836296277436915],[-73.83960098545434,40.83567071776504],[-73.83979488562171,40.835619206559294],[-73.83945777532715,40.83503206739757],[-73.83959108452291,40.83404168715707],[-73.8401815169901,40.83304342454023],[-73.84221334664694,40.83155050634365],[-73.84310691599906,40.82979413838637],[-73.84253325730943,40.82752730321497],[-73.84001752995721,40.82219024219204],[-73.83982926241693,40.821571500562584],[-73.83999860407424,40.81993494587964],[-73.84198684834045,40.818774372974694],[-73.84209366311855,40.81805954201814],[-73.84374053000361,40.81532169860857],[-73.84520736885109,40.81188702107611],[-73.84576561702228,40.81158227790858],[-73.84617302872054,40.810676663497034],[-73.84719684509648,40.810580486680784],[-73.84821486515592,40.812462908564875],[-73.85041066820118,40.81358402295507],[-73.85114472260699,40.81439654794251],[-73.85246819393376,40.81427920648585],[-73.85291177501858,40.81450099577812],[-73.8526126251927,40.81396258190681],[-73.8533685786882,40.81359390220289],[-73.85538030243687,40.814288881149295],[-73.85346774058523,40.8134777106752],[-73.8525573943493,40.81373533372175],[-73.85119997725184,40.813553143442746],[-73.84914506617386,40.81229879267645],[-73.84938420255823,40.81128707383418],[-73.84917358424852,40.8109243398506],[-73.85004241612907,40.809215407554234],[-73.84972865358641,40.80887511070544],[-73.8499511693801,40.80871471923882],[-73.84955076934942,40.80872086657751],[-73.84996696802818,40.80857801791024],[-73.84961166420388,40.8081241841178],[-73.84870962479349,40.80824046898308],[-73.84952218256736,40.80805527678682],[-73.8484164096165,40.80736877486194],[-73.84837953721414,40.80636018540119],[-73.84753621975597,40.80592640186177],[-73.84752776906161,40.80532960385507],[-73.84807624599382,40.80491964021579],[-73.84864784606215,40.80469937054698],[-73.84933382307936,40.8050512173284],[-73.84941036337717,40.80466797534223],[-73.8494285272771,40.80505982720719],[-73.84982107183848,40.805094429910056],[-73.85014867564311,40.804534217879585],[-73.85064954616102,40.80447751620199],[-73.85605162933261,40.80458742875623],[-73.85661813436319,40.80486557023039],[-73.85569047098268,40.804676565144725],[-73.85560497039725,40.80506215610152],[-73.85724491988462,40.80530723768528],[-73.8566757965828,40.804995369889994],[-73.85683421024343,40.804909270284526],[-73.85889037502272,40.8058894902444],[-73.85831487706864,40.805998591083956],[-73.85861191901094,40.80669751260436],[-73.8590847585267,40.8064802172301],[-73.85887709403188,40.80598850716738],[-73.85919545024477,40.80626987689633],[-73.85940191920201,40.80752959040386],[-73.8591586814882,40.80687897371578],[-73.85866505169193,40.80683275056223],[-73.85838996228814,40.8082588082154],[-73.85895141221778,40.810271416653144],[-73.85907662566417,40.80997555716871],[-73.86012695235584,40.80960549895785],[-73.85932919265129,40.80899653952932],[-73.85938982005969,40.80816376823239],[-73.85982230434024,40.80911324654339],[-73.86065965813648,40.80963190213125],[-73.86765646284466,40.810583761003755],[-73.87077804885938,40.81448689455436],[-73.8765199603363,40.81613106249074],[-73.87673185506816,40.81538649555314],[-73.8723943790009,40.81397433467243],[-73.87095753684099,40.812146179676034],[-73.87056806927933,40.812087316689016],[-73.87055342191634,40.81124337978952],[-73.86811219140081,40.806751831898445],[-73.8717450937392,40.801547365182785],[-73.87238060453697,40.801290113699366],[-73.87234684998849,40.800174762077106],[-73.8729786294465,40.8002506880931],[-73.87287711063706,40.8008400881128],[-73.87262705811777,40.800791860568204],[-73.872705037586,40.80116717587722],[-73.87355096572506,40.80085330183851],[-73.87467716313965,40.800979422433414],[-73.87473060452699,40.80125663669524],[-73.87526517037323,40.80139815161508],[-73.87585788581329,40.801455986653046],[-73.87592998071514,40.80108422266036],[-73.87814218819923,40.8013192893731],[-73.87790646495209,40.802271800086785],[-73.87843295513449,40.80270273376151],[-73.88005462984879,40.80276015047426],[-73.88369542422477,40.802162122669536],[-73.883964625197,40.8019651474263],[-73.88372326665923,40.80186284300768],[-73.88505172336708,40.802130905864665],[-73.88727097347119,40.80394700140329],[-73.88795897223956,40.80499792498728],[-73.88859217706319,40.804789274667016],[-73.88927892586703,40.80518182782667],[-73.88944105902296,40.80544009262308],[-73.88922416091155,40.80584535025862],[-73.89015098501606,40.80495818132924],[-73.88937439253695,40.80592527218189],[-73.89005932692345,40.805704324250485],[-73.89149903729997,40.805931237809695],[-73.89144104277293,40.80566189763141],[-73.89178618135604,40.80562289115279],[-73.89197929534274,40.80638470804282],[-73.89270681066351,40.80634394816468],[-73.89216364547642,40.80530259163204],[-73.8912671062289,40.805010488490744],[-73.89173240995615,40.805049362486926],[-73.89219739671562,40.805284686985985],[-73.89230020327578,40.80566060473679],[-73.89256667738412,40.80562070907128],[-73.89274814037402,40.80634026036862],[-73.89463252351095,40.80623233098871],[-73.8947260190962,40.80602624565014],[-73.89485360535876,40.80621490722533],[-73.89484295983632,40.805723996078754],[-73.89509836487397,40.80686363824016],[-73.89550633968567,40.806595304370276],[-73.8952796287401,40.80576618313454],[-73.89559109091823,40.8065813424141],[-73.8956702513876,40.806290129523575],[-73.8959779468775,40.80651761490621],[-73.8958748159932,40.805808510649044],[-73.89610824517882,40.80649615001784],[-73.89623040737018,40.806210470968786],[-73.89749681953897,40.80621439926913],[-73.89741472698572,40.805800058544705],[-73.89763818741152,40.80620131990543],[-73.8977282725107,40.80596749320391],[-73.8980134089616,40.80616660342843],[-73.89787127990658,40.80553498082623],[-73.89816110752699,40.80613806916653],[-73.89812536183797,40.80565075936916],[-73.89852656516604,40.805434308164536],[-73.90097298881537,40.80487609695778],[-73.90222284699469,40.80494811225617],[-73.90229231992774,40.8045647752083],[-73.9029277033109,40.80419729077575],[-73.90270973102545,40.80416366253383],[-73.90452954095734,40.80317023471851],[-73.9068140168889,40.800890638672826],[-73.9080739725566,40.79957281823389],[-73.90768222800894,40.79938831299195],[-73.90842190768005,40.799442091511594],[-73.90830303542087,40.79895913498676],[-73.91168831241194,40.79662376895544],[-73.91372255973579,40.796789437825346],[-73.91904978697673,40.7989939347532],[-73.92024068092739,40.79961368693649],[-73.92132730778515,40.80128459069807],[-73.92292710065786,40.802373293709486],[-73.92665794788488,40.80240980298131],[-73.92762788658847,40.80269566454817],[-73.92728271943602,40.80350826348368],[-73.92766050000958,40.8040072519668],[-73.9287260748983,40.8041036242939],[-73.93051758839178,40.80659056263342],[-73.93226960779286,40.808339526547805],[-73.93259434647315,40.810053555933386],[-73.93286397083278,40.810124436455105],[-73.93256503302072,40.81088597425629],[-73.93233582202046,40.81763040394815],[-73.93276594581114,40.82545822675411],[-73.93360592036706,40.83278952958728],[-73.9331430670926,40.83519412668297],[-73.9326562035398,40.8364734755924],[-73.93051572319956,40.83993364125028],[-73.92861574822354,40.84467686409641],[-73.92683023216796,40.84728975925497],[-73.9246537993034,40.84978504257949],[-73.92256178946536,40.853188910593715],[-73.92174035403008,40.85422123690688],[-73.92134207683867,40.85431743472406],[-73.92151543705526,40.854510062957736],[-73.92080070289336,40.8553808134609],[-73.9203002721343,40.85524637040787],[-73.9205265313285,40.855686667468184],[-73.91956620878499,40.85684018275405],[-73.91776041251106,40.85870809702465],[-73.9172066464705,40.85892892180093],[-73.91341462193655,40.863367492767054],[-73.91276271995461,40.86302917322394],[-73.91227278976977,40.86363214806303],[-73.91279762128941,40.86389887449919],[-73.91252604516806,40.863795222904116],[-73.91267634020384,40.86402111066878],[-73.91041774440947,40.86656954375708],[-73.90864943177583,40.8713857828696],[-73.90893235241587,40.87215734703694],[-73.90774270784561,40.87284595117788],[-73.90665099539478,40.8757525032589],[-73.90703748936642,40.876895160276945],[-73.90949832117538,40.87877673074542],[-73.9103319356649,40.87903804587096],[-73.91148913190445,40.8790188578758],[-73.9120583003024,40.87811931911492],[-73.91484624156382,40.876666709342786],[-73.91578515571896,40.87571694413062],[-73.9177566932971,40.8756636269265],[-73.91978381232852,40.87642143517224],[-73.9227378828753,40.87890544449417],[-73.92490327473082,40.87888836691944],[-73.92380525605499,40.88032490070234],[-73.9203928019909,40.88764849929313],[-73.91518455871676,40.90158428192832],[-73.91543172958428,40.90181268275452],[-73.91501449586045,40.90308129817258],[-73.91459039243314,40.904119001262536],[-73.91418416752516,40.904139332867096],[-73.91286540202562,40.90753512126908],[-73.91310863924063,40.90784448321616],[-73.91264932172878,40.90807081102151],[-73.91150475394839,40.912169878945555],[-73.9114995907482,40.91376658077089],[-73.91033256848911,40.915532776071295],[-73.90245664004941,40.912958932492096],[-73.89725326354973,40.91165551900474],[-73.87416054884363,40.90478128230619],[-73.87294860352856,40.90444102173441]]]]}}],"crs":{"type":"name","properties":{"name":"urn:ogc:def:crs:OGC:1.3:CRS84"}}}